{"type":"FeatureCollection","features":[{"type":"Feature","geometry":{"type":"Polygon","coordinates":[[[-73.06583,6.8525],[-73.05667,6.76556],[-72.98083,6.74222],[-73.00889,6.86583],[-73.06583,6.8525]]]},"properties":{"_id":"677d3568c4d29dbb7301a514","createdBy":"OPONcQnzWGOLiJSceNaf8pvx1fA2","createdAt":"2025-01-07T14:08:40.563Z","updatedBy":"OPONcQnzWGOLiJSceNaf8pvx1fA2","updatedAt":"2025-01-07T14:10:13.763Z","name":"CHICAMOCHA","dataIngestion":true,"type":0,"icaoClass":6,"activity":0,"onDemand":false,"onRequest":false,"byNotam":false,"specialAgreement":false,"requestCompliance":false,"country":"CO","upperLimit":{"value":6800,"unit":1,"referenceDatum":1},"lowerLimit":{"value":0,"unit":1,"referenceDatum":0},"hoursOfOperation":{"operatingHours":[{"dayOfWeek":0,"startTime":"00:00","endTime":"00:00","byNotam":false,"sunrise":false,"sunset":false,"publicHolidaysExcluded":false},{"dayOfWeek":1,"startTime":"00:00","endTime":"00:00","byNotam":false,"sunrise":false,"sunset":false,"publicHolidaysExcluded":false},{"dayOfWeek":2,"startTime":"00:00","endTime":"00:00","byNotam":false,"sunrise":false,"sunset":false,"publicHolidaysExcluded":false},{"dayOfWeek":3,"startTime":"00:00","endTime":"00:00","byNotam":false,"sunrise":false,"sunset":false,"publicHolidaysExcluded":false},{"dayOfWeek":4,"startTime":"00:00","endTime":"00:00","byNotam":false,"sunrise":false,"sunset":false,"publicHolidaysExcluded":false},{"dayOfWeek":5,"startTime":"00:00","endTime":"00:00","byNotam":false,"sunrise":false,"sunset":false,"publicHolidaysExcluded":false},{"dayOfWeek":6,"startTime":"00:00","endTime":"00:00","byNotam":false,"sunrise":false,"sunset":false,"publicHolidaysExcluded":false}]},"deletable":true}},{"type":"Feature","geometry":{"type":"Polygon","coordinates":[[[-73.05964,5.85872],[-73.02619,5.84946],[-72.94008,5.96379],[-72.99267,5.93449],[-73.05964,5.85872]]]},"properties":{"_id":"677d3568c4d29dbb7301a520","createdBy":"OPONcQnzWGOLiJSceNaf8pvx1fA2","createdAt":"2025-01-07T14:08:40.619Z","updatedBy":"OPONcQnzWGOLiJSceNaf8pvx1fA2","updatedAt":"2025-01-07T14:10:14.706Z","name":"DUITAMA","dataIngestion":true,"type":0,"icaoClass":6,"activity":0,"onDemand":false,"onRequest":false,"byNotam":false,"specialAgreement":false,"requestCompliance":false,"country":"CO","upperLimit":{"value":12500,"unit":1,"referenceDatum":1},"lowerLimit":{"value":0,"unit":1,"referenceDatum":0},"hoursOfOperation":{"operatingHours":[{"dayOfWeek":0,"startTime":"00:00","endTime":"00:00","byNotam":false,"sunrise":false,"sunset":false,"publicHolidaysExcluded":false},{"dayOfWeek":1,"startTime":"00:00","endTime":"00:00","byNotam":false,"sunrise":false,"sunset":false,"publicHolidaysExcluded":false},{"dayOfWeek":2,"startTime":"00:00","endTime":"00:00","byNotam":false,"sunrise":false,"sunset":false,"publicHolidaysExcluded":false},{"dayOfWeek":3,"startTime":"00:00","endTime":"00:00","byNotam":false,"sunrise":false,"sunset":false,"publicHolidaysExcluded":false},{"dayOfWeek":4,"startTime":"00:00","endTime":"00:00","byNotam":false,"sunrise":false,"sunset":false,"publicHolidaysExcluded":false},{"dayOfWeek":5,"startTime":"00:00","endTime":"00:00","byNotam":false,"sunrise":false,"sunset":false,"publicHolidaysExcluded":false},{"dayOfWeek":6,"startTime":"00:00","endTime":"00:00","byNotam":false,"sunrise":false,"sunset":false,"publicHolidaysExcluded":false}]},"deletable":true}},{"type":"Feature","geometry":{"type":"Polygon","coordinates":[[[-73.17806,6.75444],[-73.195,6.71972],[-73.14361,6.6925],[-73.12611,6.72889],[-73.17806,6.75444]]]},"properties":{"_id":"677d3567c4d29dbb7301a4a8","createdBy":"OPONcQnzWGOLiJSceNaf8pvx1fA2","createdAt":"2025-01-07T14:08:39.953Z","updatedBy":"OPONcQnzWGOLiJSceNaf8pvx1fA2","updatedAt":"2025-01-07T14:10:07.641Z","name":"GTOPIK","dataIngestion":true,"type":21,"icaoClass":8,"activity":0,"onDemand":false,"onRequest":false,"byNotam":false,"specialAgreement":false,"requestCompliance":false,"country":"CO","upperLimit":{"value":6500,"unit":1,"referenceDatum":1},"lowerLimit":{"value":0,"unit":1,"referenceDatum":0},"hoursOfOperation":{"operatingHours":[{"dayOfWeek":0,"startTime":"00:00","endTime":"00:00","byNotam":false,"sunrise":false,"sunset":false,"publicHolidaysExcluded":false},{"dayOfWeek":1,"startTime":"00:00","endTime":"00:00","byNotam":false,"sunrise":false,"sunset":false,"publicHolidaysExcluded":false},{"dayOfWeek":2,"startTime":"00:00","endTime":"00:00","byNotam":false,"sunrise":false,"sunset":false,"publicHolidaysExcluded":false},{"dayOfWeek":3,"startTime":"00:00","endTime":"00:00","byNotam":false,"sunrise":false,"sunset":false,"publicHolidaysExcluded":false},{"dayOfWeek":4,"startTime":"00:00","endTime":"00:00","byNotam":false,"sunrise":false,"sunset":false,"publicHolidaysExcluded":false},{"dayOfWeek":5,"startTime":"00:00","endTime":"00:00","byNotam":false,"sunrise":false,"sunset":false,"publicHolidaysExcluded":false},{"dayOfWeek":6,"startTime":"00:00","endTime":"00:00","byNotam":false,"sunrise":false,"sunset":false,"publicHolidaysExcluded":false}]},"deletable":true}},{"type":"Feature","geometry":{"type":"Polygon","coordinates":[[[-73.74907,5.07859],[-73.91949,4.92194],[-73.95261,4.77189],[-73.9481,4.7715],[-73.915,4.9215],[-73.7458,5.0754],[-73.74907,5.07859]]]},"properties":{"_id":"677d3568c4d29dbb7301a508","createdBy":"OPONcQnzWGOLiJSceNaf8pvx1fA2","createdAt":"2025-01-07T14:08:40.508Z","updatedBy":"OPONcQnzWGOLiJSceNaf8pvx1fA2","updatedAt":"2025-01-07T14:10:12.871Z","name":"GUAYMARAL / ZONA COMUN","dataIngestion":true,"type":0,"icaoClass":6,"activity":0,"onDemand":false,"onRequest":false,"byNotam":false,"specialAgreement":false,"requestCompliance":false,"country":"CO","upperLimit":{"value":11000,"unit":1,"referenceDatum":1},"lowerLimit":{"value":0,"unit":1,"referenceDatum":0},"hoursOfOperation":{"operatingHours":[{"dayOfWeek":0,"startTime":"00:00","endTime":"00:00","byNotam":false,"sunrise":false,"sunset":false,"publicHolidaysExcluded":false},{"dayOfWeek":1,"startTime":"00:00","endTime":"00:00","byNotam":false,"sunrise":false,"sunset":false,"publicHolidaysExcluded":false},{"dayOfWeek":2,"startTime":"00:00","endTime":"00:00","byNotam":false,"sunrise":false,"sunset":false,"publicHolidaysExcluded":false},{"dayOfWeek":3,"startTime":"00:00","endTime":"00:00","byNotam":false,"sunrise":false,"sunset":false,"publicHolidaysExcluded":false},{"dayOfWeek":4,"startTime":"00:00","endTime":"00:00","byNotam":false,"sunrise":false,"sunset":false,"publicHolidaysExcluded":false},{"dayOfWeek":5,"startTime":"00:00","endTime":"00:00","byNotam":false,"sunrise":false,"sunset":false,"publicHolidaysExcluded":false},{"dayOfWeek":6,"startTime":"00:00","endTime":"00:00","byNotam":false,"sunrise":false,"sunset":false,"publicHolidaysExcluded":false}]},"deletable":true}},{"type":"Feature","geometry":{"type":"Polygon","coordinates":[[[-75.6125,6.35167],[-75.61111,6.31556],[-75.58833,6.3225],[-75.57139,6.31583],[-75.57139,6.33972],[-75.6125,6.35167]]]},"properties":{"_id":"677d3568c4d29dbb7301a511","createdBy":"OPONcQnzWGOLiJSceNaf8pvx1fA2","createdAt":"2025-01-07T14:08:40.550Z","updatedBy":"OPONcQnzWGOLiJSceNaf8pvx1fA2","updatedAt":"2025-01-07T14:10:13.496Z","name":"MEDINA","dataIngestion":true,"type":0,"icaoClass":6,"activity":0,"onDemand":false,"onRequest":false,"byNotam":false,"specialAgreement":false,"requestCompliance":false,"country":"CO","upperLimit":{"value":9500,"unit":1,"referenceDatum":1},"lowerLimit":{"value":0,"unit":1,"referenceDatum":0},"hoursOfOperation":{"operatingHours":[{"dayOfWeek":0,"startTime":"00:00","endTime":"00:00","byNotam":false,"sunrise":false,"sunset":false,"publicHolidaysExcluded":false},{"dayOfWeek":1,"startTime":"00:00","endTime":"00:00","byNotam":false,"sunrise":false,"sunset":false,"publicHolidaysExcluded":false},{"dayOfWeek":2,"startTime":"00:00","endTime":"00:00","byNotam":false,"sunrise":false,"sunset":false,"publicHolidaysExcluded":false},{"dayOfWeek":3,"startTime":"00:00","endTime":"00:00","byNotam":false,"sunrise":false,"sunset":false,"publicHolidaysExcluded":false},{"dayOfWeek":4,"startTime":"00:00","endTime":"00:00","byNotam":false,"sunrise":false,"sunset":false,"publicHolidaysExcluded":false},{"dayOfWeek":5,"startTime":"00:00","endTime":"00:00","byNotam":false,"sunrise":false,"sunset":false,"publicHolidaysExcluded":false},{"dayOfWeek":6,"startTime":"00:00","endTime":"00:00","byNotam":false,"sunrise":false,"sunset":false,"publicHolidaysExcluded":false}]},"deletable":true}},{"type":"Feature","geometry":{"type":"Polygon","coordinates":[[[-73.43139,5.13167],[-73.3675,5.08833],[-73.34278,5.12806],[-73.3675,5.12778],[-73.43139,5.13167]]]},"properties":{"_id":"677d3568c4d29dbb7301a51d","createdBy":"OPONcQnzWGOLiJSceNaf8pvx1fA2","createdAt":"2025-01-07T14:08:40.606Z","updatedBy":"OPONcQnzWGOLiJSceNaf8pvx1fA2","updatedAt":"2025-01-07T14:10:14.491Z","name":"PACHAVITA","dataIngestion":true,"type":0,"icaoClass":6,"activity":0,"onDemand":false,"onRequest":false,"byNotam":false,"specialAgreement":false,"requestCompliance":false,"country":"CO","upperLimit":{"value":12000,"unit":1,"referenceDatum":1},"lowerLimit":{"value":0,"unit":1,"referenceDatum":0},"hoursOfOperation":{"operatingHours":[{"dayOfWeek":0,"startTime":"00:00","endTime":"00:00","byNotam":false,"sunrise":false,"sunset":false,"publicHolidaysExcluded":false},{"dayOfWeek":1,"startTime":"00:00","endTime":"00:00","byNotam":false,"sunrise":false,"sunset":false,"publicHolidaysExcluded":false},{"dayOfWeek":2,"startTime":"00:00","endTime":"00:00","byNotam":false,"sunrise":false,"sunset":false,"publicHolidaysExcluded":false},{"dayOfWeek":3,"startTime":"00:00","endTime":"00:00","byNotam":false,"sunrise":false,"sunset":false,"publicHolidaysExcluded":false},{"dayOfWeek":4,"startTime":"00:00","endTime":"00:00","byNotam":false,"sunrise":false,"sunset":false,"publicHolidaysExcluded":false},{"dayOfWeek":5,"startTime":"00:00","endTime":"00:00","byNotam":false,"sunrise":false,"sunset":false,"publicHolidaysExcluded":false},{"dayOfWeek":6,"startTime":"00:00","endTime":"00:00","byNotam":false,"sunrise":false,"sunset":false,"publicHolidaysExcluded":false}]},"deletable":true}},{"type":"Feature","geometry":{"type":"Polygon","coordinates":[[[-73.08833,6.70333],[-73.1375,6.66806],[-73.07722,6.61583],[-73.03333,6.66194],[-73.08833,6.70333]]]},"properties":{"_id":"677d3568c4d29dbb7301a517","createdBy":"OPONcQnzWGOLiJSceNaf8pvx1fA2","createdAt":"2025-01-07T14:08:40.578Z","updatedBy":"OPONcQnzWGOLiJSceNaf8pvx1fA2","updatedAt":"2025-01-07T14:10:14.075Z","name":"PALOBLANCO","dataIngestion":true,"type":0,"icaoClass":6,"activity":0,"onDemand":false,"onRequest":false,"byNotam":false,"specialAgreement":false,"requestCompliance":false,"country":"CO","upperLimit":{"value":6900,"unit":1,"referenceDatum":1},"lowerLimit":{"value":0,"unit":1,"referenceDatum":0},"hoursOfOperation":{"operatingHours":[{"dayOfWeek":0,"startTime":"00:00","endTime":"00:00","byNotam":false,"sunrise":false,"sunset":false,"publicHolidaysExcluded":false},{"dayOfWeek":1,"startTime":"00:00","endTime":"00:00","byNotam":false,"sunrise":false,"sunset":false,"publicHolidaysExcluded":false},{"dayOfWeek":2,"startTime":"00:00","endTime":"00:00","byNotam":false,"sunrise":false,"sunset":false,"publicHolidaysExcluded":false},{"dayOfWeek":3,"startTime":"00:00","endTime":"00:00","byNotam":false,"sunrise":false,"sunset":false,"publicHolidaysExcluded":false},{"dayOfWeek":4,"startTime":"00:00","endTime":"00:00","byNotam":false,"sunrise":false,"sunset":false,"publicHolidaysExcluded":false},{"dayOfWeek":5,"startTime":"00:00","endTime":"00:00","byNotam":false,"sunrise":false,"sunset":false,"publicHolidaysExcluded":false},{"dayOfWeek":6,"startTime":"00:00","endTime":"00:00","byNotam":false,"sunrise":false,"sunset":false,"publicHolidaysExcluded":false}]},"deletable":true}},{"type":"Feature","geometry":{"type":"Polygon","coordinates":[[[-74.06861,4.81111],[-74.00667,4.79333],[-74.01139,4.68528],[-74.01043402122394,4.688117715474483],[-74.00404361005157,4.701312630381096],[-73.99821297012217,4.7147626206005535],[-73.99295235596867,4.728444105121713],[-73.98827102454433,4.742333095730343],[-73.98417721880162,4.756405238992218],[-73.98067815303285,4.7706358588843045],[-73.97778,4.785],[-74.03139,4.8425],[-74.02806,4.8625],[-74.03417,4.90167],[-74.08472,4.90167],[-74.08694,4.86694],[-74.06611,4.86694],[-74.10028,4.81167],[-74.06861,4.81111]]]},"properties":{"_id":"677d3569c4d29dbb7301a5d4","createdBy":"OPONcQnzWGOLiJSceNaf8pvx1fA2","createdAt":"2025-01-07T14:08:41.669Z","updatedBy":"OPONcQnzWGOLiJSceNaf8pvx1fA2","updatedAt":"2025-01-07T14:10:25.340Z","name":"PLA1","dataIngestion":true,"type":0,"icaoClass":6,"activity":0,"onDemand":false,"onRequest":false,"byNotam":false,"specialAgreement":false,"requestCompliance":false,"country":"CO","upperLimit":{"value":10500,"unit":1,"referenceDatum":1},"lowerLimit":{"value":0,"unit":1,"referenceDatum":0},"hoursOfOperation":{"operatingHours":[{"dayOfWeek":0,"startTime":"00:00","endTime":"00:00","byNotam":false,"sunrise":false,"sunset":false,"publicHolidaysExcluded":false},{"dayOfWeek":1,"startTime":"00:00","endTime":"00:00","byNotam":false,"sunrise":false,"sunset":false,"publicHolidaysExcluded":false},{"dayOfWeek":2,"startTime":"00:00","endTime":"00:00","byNotam":false,"sunrise":false,"sunset":false,"publicHolidaysExcluded":false},{"dayOfWeek":3,"startTime":"00:00","endTime":"00:00","byNotam":false,"sunrise":false,"sunset":false,"publicHolidaysExcluded":false},{"dayOfWeek":4,"startTime":"00:00","endTime":"00:00","byNotam":false,"sunrise":false,"sunset":false,"publicHolidaysExcluded":false},{"dayOfWeek":5,"startTime":"00:00","endTime":"00:00","byNotam":false,"sunrise":false,"sunset":false,"publicHolidaysExcluded":false},{"dayOfWeek":6,"startTime":"00:00","endTime":"00:00","byNotam":false,"sunrise":false,"sunset":false,"publicHolidaysExcluded":false}]},"deletable":true}},{"type":"Feature","geometry":{"type":"Polygon","coordinates":[[[-74.10028,4.81167],[-74.06611,4.86694],[-74.08694,4.86694],[-74.12611,4.81194],[-74.10028,4.81167]]]},"properties":{"_id":"677d3569c4d29dbb7301a5d7","createdBy":"OPONcQnzWGOLiJSceNaf8pvx1fA2","createdAt":"2025-01-07T14:08:41.685Z","updatedBy":"OPONcQnzWGOLiJSceNaf8pvx1fA2","updatedAt":"2025-01-07T14:10:25.476Z","name":"PLA1W","dataIngestion":true,"type":0,"icaoClass":6,"activity":0,"onDemand":false,"onRequest":false,"byNotam":false,"specialAgreement":false,"requestCompliance":false,"country":"CO","upperLimit":{"value":10500,"unit":1,"referenceDatum":1},"lowerLimit":{"value":0,"unit":1,"referenceDatum":0},"hoursOfOperation":{"operatingHours":[{"dayOfWeek":0,"startTime":"00:00","endTime":"00:00","byNotam":false,"sunrise":false,"sunset":false,"publicHolidaysExcluded":false},{"dayOfWeek":1,"startTime":"00:00","endTime":"00:00","byNotam":false,"sunrise":false,"sunset":false,"publicHolidaysExcluded":false},{"dayOfWeek":2,"startTime":"00:00","endTime":"00:00","byNotam":false,"sunrise":false,"sunset":false,"publicHolidaysExcluded":false},{"dayOfWeek":3,"startTime":"00:00","endTime":"00:00","byNotam":false,"sunrise":false,"sunset":false,"publicHolidaysExcluded":false},{"dayOfWeek":4,"startTime":"00:00","endTime":"00:00","byNotam":false,"sunrise":false,"sunset":false,"publicHolidaysExcluded":false},{"dayOfWeek":5,"startTime":"00:00","endTime":"00:00","byNotam":false,"sunrise":false,"sunset":false,"publicHolidaysExcluded":false},{"dayOfWeek":6,"startTime":"00:00","endTime":"00:00","byNotam":false,"sunrise":false,"sunset":false,"publicHolidaysExcluded":false}]},"deletable":true}},{"type":"Feature","geometry":{"type":"Polygon","coordinates":[[[-74.03139,4.8425],[-73.97778,4.785],[-73.98067815303285,4.7706358588843045],[-73.98417721880162,4.756405238992218],[-73.98827102454433,4.742333095730343],[-73.99295235596867,4.728444105121713],[-73.99821297012217,4.7147626206005535],[-74.00404361005157,4.701312630381096],[-74.01043402122394,4.688117715474483],[-74.01737296968004,4.675201008426651],[-74.02484826188699,4.6625851528488225],[-74.03284676625483,4.650292263810721],[-74.03667,4.64361],[-74.03667,4.56528],[-74.02865289081774,4.575010518127242],[-74.01749630068447,4.587544389336617],[-74.0068756419606,4.600532791340774],[-73.99680955488063,4.613952962938706],[-73.98731571087457,4.627781385094584],[-73.97841078150567,4.641993822030711],[-73.9701104091346,4.656565363580078],[-73.96242917936227,4.671470468725339],[-73.95538059529969,4.686683010248936],[-73.94897705371064,4.702176320417151],[-73.9432298230699,4.717923237619024],[-73.93814902357656,4.733896153879409],[-73.93374360915817,4.750067063163842],[-73.93002135149933,4.766407610391481],[-73.92698882612376,4.78288914107111],[-73.92465140055603,4.799482751473986],[-73.92301322458586,4.816159339256405],[-73.92207722265373,4.832889654443885],[-73.9218450883736,4.849644350688244],[-73.92231728120456,4.8663940367082335],[-73.92349302527963,4.883109327823966],[-73.92537031039649,4.899760897495161],[-73.92794589517077,4.916319528773041],[-73.93121531234934,4.932756165575818],[-73.93517287627681,4.94904196369787],[-73.93981169250502,4.965148341463037],[-73.94512366953144,4.9810470299330065],[-73.95109953264871,4.996710122582392],[-73.95772883988356,5.012110124352901],[-73.965,5.02722],[-74.10944,4.97833],[-74.13556,4.90167],[-74.03417,4.90167],[-74.02806,4.8625],[-74.03139,4.8425]]]},"properties":{"_id":"677d3569c4d29dbb7301a5da","createdBy":"OPONcQnzWGOLiJSceNaf8pvx1fA2","createdAt":"2025-01-07T14:08:41.702Z","updatedBy":"OPONcQnzWGOLiJSceNaf8pvx1fA2","updatedAt":"2025-01-07T14:10:25.595Z","name":"PLA2","dataIngestion":true,"type":0,"icaoClass":6,"activity":0,"onDemand":false,"onRequest":false,"byNotam":false,"specialAgreement":false,"requestCompliance":false,"country":"CO","upperLimit":{"value":11000,"unit":1,"referenceDatum":1},"lowerLimit":{"value":0,"unit":1,"referenceDatum":0},"hoursOfOperation":{"operatingHours":[{"dayOfWeek":0,"startTime":"00:00","endTime":"00:00","byNotam":false,"sunrise":false,"sunset":false,"publicHolidaysExcluded":false},{"dayOfWeek":1,"startTime":"00:00","endTime":"00:00","byNotam":false,"sunrise":false,"sunset":false,"publicHolidaysExcluded":false},{"dayOfWeek":2,"startTime":"00:00","endTime":"00:00","byNotam":false,"sunrise":false,"sunset":false,"publicHolidaysExcluded":false},{"dayOfWeek":3,"startTime":"00:00","endTime":"00:00","byNotam":false,"sunrise":false,"sunset":false,"publicHolidaysExcluded":false},{"dayOfWeek":4,"startTime":"00:00","endTime":"00:00","byNotam":false,"sunrise":false,"sunset":false,"publicHolidaysExcluded":false},{"dayOfWeek":5,"startTime":"00:00","endTime":"00:00","byNotam":false,"sunrise":false,"sunset":false,"publicHolidaysExcluded":false},{"dayOfWeek":6,"startTime":"00:00","endTime":"00:00","byNotam":false,"sunrise":false,"sunset":false,"publicHolidaysExcluded":false}]},"deletable":true}},{"type":"Feature","geometry":{"type":"Polygon","coordinates":[[[-73.83056,4.93611],[-73.92972,4.92167],[-73.92691792163367,4.905180698250549],[-73.92481144449074,4.888588947193442],[-73.92340421246786,4.871923859547236],[-73.92269864218446,4.855214674503363],[-73.9226959191152,4.8384907064221885],[-73.92339599588045,4.821781293412874],[-73.92479759269527,4.8051157458869955],[-73.92689819997321,4.788523295175833],[-73.92833,4.77972],[-73.82889,4.76722],[-73.82850910119747,4.769670905465159],[-73.82569995704687,4.790385195696217],[-73.82376356470539,4.8111985318484445],[-73.8227033998015,4.832074410389672],[-73.82252140242868,4.852976214777465],[-73.82321797318708,4.87386727962445],[-73.824791971912,4.8947109549726395],[-73.82724071909503,4.915470670564698],[-73.83056,4.93611]]]},"properties":{"_id":"677d3569c4d29dbb7301a5dd","createdBy":"OPONcQnzWGOLiJSceNaf8pvx1fA2","createdAt":"2025-01-07T14:08:41.719Z","updatedBy":"OPONcQnzWGOLiJSceNaf8pvx1fA2","updatedAt":"2025-01-07T14:10:25.779Z","name":"PLA3","dataIngestion":true,"type":0,"icaoClass":6,"activity":0,"onDemand":false,"onRequest":false,"byNotam":false,"specialAgreement":false,"requestCompliance":false,"country":"CO","upperLimit":{"value":12000,"unit":1,"referenceDatum":1},"lowerLimit":{"value":0,"unit":1,"referenceDatum":0},"hoursOfOperation":{"operatingHours":[{"dayOfWeek":0,"startTime":"00:00","endTime":"00:00","byNotam":false,"sunrise":false,"sunset":false,"publicHolidaysExcluded":false},{"dayOfWeek":1,"startTime":"00:00","endTime":"00:00","byNotam":false,"sunrise":false,"sunset":false,"publicHolidaysExcluded":false},{"dayOfWeek":2,"startTime":"00:00","endTime":"00:00","byNotam":false,"sunrise":false,"sunset":false,"publicHolidaysExcluded":false},{"dayOfWeek":3,"startTime":"00:00","endTime":"00:00","byNotam":false,"sunrise":false,"sunset":false,"publicHolidaysExcluded":false},{"dayOfWeek":4,"startTime":"00:00","endTime":"00:00","byNotam":false,"sunrise":false,"sunset":false,"publicHolidaysExcluded":false},{"dayOfWeek":5,"startTime":"00:00","endTime":"00:00","byNotam":false,"sunrise":false,"sunset":false,"publicHolidaysExcluded":false},{"dayOfWeek":6,"startTime":"00:00","endTime":"00:00","byNotam":false,"sunrise":false,"sunset":false,"publicHolidaysExcluded":false}]},"deletable":true}},{"type":"Feature","geometry":{"type":"Polygon","coordinates":[[[-73.965,5.02722],[-73.97208582204175,5.042150443864198],[-73.98060788642351,5.056634901525431],[-73.9897317640153,5.070751057731058],[-73.9994414730864,5.084474123884362],[-74.00972,5.09778],[-74.1575,5.03528],[-74.10944,4.97833],[-73.965,5.02722]]]},"properties":{"_id":"677d3569c4d29dbb7301a5b3","createdBy":"OPONcQnzWGOLiJSceNaf8pvx1fA2","createdAt":"2025-01-07T14:08:41.451Z","updatedBy":"OPONcQnzWGOLiJSceNaf8pvx1fA2","updatedAt":"2025-01-07T14:10:23.490Z","name":"PLA4","dataIngestion":true,"type":0,"icaoClass":6,"activity":0,"onDemand":false,"onRequest":false,"byNotam":false,"specialAgreement":false,"requestCompliance":false,"country":"CO","upperLimit":{"value":12000,"unit":1,"referenceDatum":1},"lowerLimit":{"value":0,"unit":1,"referenceDatum":0},"hoursOfOperation":{"operatingHours":[{"dayOfWeek":0,"startTime":"00:00","endTime":"00:00","byNotam":false,"sunrise":false,"sunset":false,"publicHolidaysExcluded":false},{"dayOfWeek":1,"startTime":"00:00","endTime":"00:00","byNotam":false,"sunrise":false,"sunset":false,"publicHolidaysExcluded":false},{"dayOfWeek":2,"startTime":"00:00","endTime":"00:00","byNotam":false,"sunrise":false,"sunset":false,"publicHolidaysExcluded":false},{"dayOfWeek":3,"startTime":"00:00","endTime":"00:00","byNotam":false,"sunrise":false,"sunset":false,"publicHolidaysExcluded":false},{"dayOfWeek":4,"startTime":"00:00","endTime":"00:00","byNotam":false,"sunrise":false,"sunset":false,"publicHolidaysExcluded":false},{"dayOfWeek":5,"startTime":"00:00","endTime":"00:00","byNotam":false,"sunrise":false,"sunset":false,"publicHolidaysExcluded":false},{"dayOfWeek":6,"startTime":"00:00","endTime":"00:00","byNotam":false,"sunrise":false,"sunset":false,"publicHolidaysExcluded":false}]},"deletable":true}},{"type":"Feature","geometry":{"type":"Polygon","coordinates":[[[-73.92833,4.77972],[-73.9314944696753,4.763297208187396],[-73.93534607916739,4.747020853525077],[-73.93987802664286,4.730919477572437],[-73.94508231910073,4.715021313136623],[-73.95094978667358,4.699354234852796],[-73.95747009897266,4.6839457104032105],[-73.96463178344699,4.668822752459764],[-73.97242224572247,4.65401187143328],[-73.98082779188482,4.639539029111391],[-73.98983365266572,4.625429593265296],[-73.99942400948949,4.611708293303905],[-74.00958202233373,4.598399177052078],[-74.02028985935478,4.585525568727681],[-74.03152872822598,4.573110028190073],[-74.03667,4.56528],[-74.03667,4.55056],[-73.94806,4.53611],[-73.94806,4.60139],[-73.94223043873022,4.602277603882206],[-73.92480195554985,4.6044958948326],[-73.90748181510295,4.607439275235805],[-73.89030034985667,4.611102590376327],[-73.87328765060631,4.615479424647378],[-73.85647351402208,4.620562112736841],[-73.83988739070075,4.626341752992648],[-73.82355833381091,4.632808222944582],[-73.80751494842049,4.63995019695573],[-73.79178534159351,4.647755165973199],[-73.77639707334144,4.656209459344052],[-73.76137710851422,4.66529826865889],[-73.74675176971316,4.67500567358199],[-73.73254669130708,4.685314669623516],[-73.7187867746309,4.696207197805945],[-73.70549614444411,4.7076641761736],[-73.69269810672411,4.719665533090992],[-73.68041510786774,4.732190242272625],[-73.6686686953716,4.7452163594838455],[-73.6574794800591,4.7587210608495365],[-73.64686709992083,4.772680682704572],[-73.63685018563015,4.787070762917362],[-73.62744632779543,4.801866083615176],[-73.61867204600557,4.817040715237563],[-73.61054275972393,4.832568061841847],[-73.60307276108159,4.848420907582443],[-73.59627518961892,4.864571464283734],[-73.59016200901995,4.880991420024292],[-73.58474398588193,4.89765198864841],[-73.58003067055836,4.914523960119294],[-73.57603038011062,4.9315777516267065],[-73.57275018339973,4.948783459360502],[-73.57019588834635,4.966110910860254],[-73.56837203138342,4.983529717850112],[-73.56728186912225,5.00100932946705],[-73.56692737224915,5.018519085789941],[-73.56730922166554,5.036028271576239],[-73.56842680688167,5.053506170112565],[-73.57027822666907,5.070922117085222],[-73.57286029197388,5.088245554376453],[-73.57616853108874,5.105446083692323],[-73.58019719707752,5.1224935199281845],[-73.58493927744298,5.139357944178112],[-73.5903865060232,5.156009756295089],[-73.59652937709957,5.172419726909402],[-73.60335716169439,5.188559048813554],[-73.61085792603248,5.204399387622902],[-73.61901855213765,5.219912931622406],[-73.62782476053019,5.235072440711149],[-73.63726113498893,5.249851294357762],[-73.64731114933629,5.2642235384814535],[-73.65795719620185,5.278163931175174],[-73.66918061771636,5.2916479871892985],[-73.68096173808352,5.30465202109635],[-73.69327989797458,5.317153189059476],[-73.70611349068629,5.329129529129757],[-73.71944,5.34056],[-73.32111,6.18],[-73.60889,6.18],[-73.70861,5.985],[-73.77528,5.53222],[-73.94056,5.53222],[-73.93944,5.39806],[-73.99444,5.29083],[-74.06111,5.19444],[-74.01944,5.15833],[-74.09556,5.06861],[-74.09056,5.06361],[-74.00972,5.09778],[-73.9994414730864,5.084474123884362],[-73.9897317640153,5.070751057731058],[-73.98060788642351,5.056634901525431],[-73.97208582204175,5.042150443864198],[-73.96418049285599,5.027323118297197],[-73.95690573515594,5.012178958547531],[-73.95027427551436,4.996744552689757],[-73.94429770873694,4.981046996367565],[-73.9389864778192,4.965113845133932],[-73.93434985594308,4.948973065998144],[-73.93039593054226,4.932652988265412],[-73.92972,4.92167],[-73.83056,4.93611],[-73.82724071909503,4.915470670564698],[-73.824791971912,4.8947109549726395],[-73.82321797318708,4.87386727962445],[-73.82252140242868,4.852976214777465],[-73.8227033998015,4.832074410389672],[-73.82376356470539,4.8111985318484445],[-73.82569995704687,4.790385195696217],[-73.82850910119747,4.769670905465159],[-73.82889,4.76722],[-73.92833,4.77972]]]},"properties":{"_id":"677d3569c4d29dbb7301a5e0","createdBy":"OPONcQnzWGOLiJSceNaf8pvx1fA2","createdAt":"2025-01-07T14:08:41.736Z","updatedBy":"OPONcQnzWGOLiJSceNaf8pvx1fA2","updatedAt":"2025-01-07T14:10:25.908Z","name":"PLA5","dataIngestion":true,"type":0,"icaoClass":6,"activity":0,"onDemand":false,"onRequest":false,"byNotam":false,"specialAgreement":false,"requestCompliance":false,"country":"CO","upperLimit":{"value":13000,"unit":1,"referenceDatum":1},"lowerLimit":{"value":0,"unit":1,"referenceDatum":0},"hoursOfOperation":{"operatingHours":[{"dayOfWeek":0,"startTime":"00:00","endTime":"00:00","byNotam":false,"sunrise":false,"sunset":false,"publicHolidaysExcluded":false},{"dayOfWeek":1,"startTime":"00:00","endTime":"00:00","byNotam":false,"sunrise":false,"sunset":false,"publicHolidaysExcluded":false},{"dayOfWeek":2,"startTime":"00:00","endTime":"00:00","byNotam":false,"sunrise":false,"sunset":false,"publicHolidaysExcluded":false},{"dayOfWeek":3,"startTime":"00:00","endTime":"00:00","byNotam":false,"sunrise":false,"sunset":false,"publicHolidaysExcluded":false},{"dayOfWeek":4,"startTime":"00:00","endTime":"00:00","byNotam":false,"sunrise":false,"sunset":false,"publicHolidaysExcluded":false},{"dayOfWeek":5,"startTime":"00:00","endTime":"00:00","byNotam":false,"sunrise":false,"sunset":false,"publicHolidaysExcluded":false},{"dayOfWeek":6,"startTime":"00:00","endTime":"00:00","byNotam":false,"sunrise":false,"sunset":false,"publicHolidaysExcluded":false}]},"deletable":true}},{"type":"Feature","geometry":{"type":"Polygon","coordinates":[[[-74.09556,5.06861],[-74.01944,5.15833],[-74.06111,5.19444],[-74.09556,5.06861]]]},"properties":{"_id":"677d3569c4d29dbb7301a5e3","createdBy":"OPONcQnzWGOLiJSceNaf8pvx1fA2","createdAt":"2025-01-07T14:08:41.759Z","updatedBy":"OPONcQnzWGOLiJSceNaf8pvx1fA2","updatedAt":"2025-01-07T14:10:26.052Z","name":"PLA6","dataIngestion":true,"type":0,"icaoClass":6,"activity":0,"onDemand":false,"onRequest":false,"byNotam":false,"specialAgreement":false,"requestCompliance":false,"country":"CO","upperLimit":{"value":12500,"unit":1,"referenceDatum":1},"lowerLimit":{"value":0,"unit":1,"referenceDatum":0},"hoursOfOperation":{"operatingHours":[{"dayOfWeek":0,"startTime":"00:00","endTime":"00:00","byNotam":false,"sunrise":false,"sunset":false,"publicHolidaysExcluded":false},{"dayOfWeek":1,"startTime":"00:00","endTime":"00:00","byNotam":false,"sunrise":false,"sunset":false,"publicHolidaysExcluded":false},{"dayOfWeek":2,"startTime":"00:00","endTime":"00:00","byNotam":false,"sunrise":false,"sunset":false,"publicHolidaysExcluded":false},{"dayOfWeek":3,"startTime":"00:00","endTime":"00:00","byNotam":false,"sunrise":false,"sunset":false,"publicHolidaysExcluded":false},{"dayOfWeek":4,"startTime":"00:00","endTime":"00:00","byNotam":false,"sunrise":false,"sunset":false,"publicHolidaysExcluded":false},{"dayOfWeek":5,"startTime":"00:00","endTime":"00:00","byNotam":false,"sunrise":false,"sunset":false,"publicHolidaysExcluded":false},{"dayOfWeek":6,"startTime":"00:00","endTime":"00:00","byNotam":false,"sunrise":false,"sunset":false,"publicHolidaysExcluded":false}]},"deletable":true}},{"type":"Feature","geometry":{"type":"Polygon","coordinates":[[[-73.94056,5.53222],[-73.77528,5.53222],[-73.70861,5.985],[-73.94056,5.53222]]]},"properties":{"_id":"677d3569c4d29dbb7301a5e6","createdBy":"OPONcQnzWGOLiJSceNaf8pvx1fA2","createdAt":"2025-01-07T14:08:41.774Z","updatedBy":"OPONcQnzWGOLiJSceNaf8pvx1fA2","updatedAt":"2025-01-07T14:10:26.176Z","name":"PLA7","dataIngestion":true,"type":0,"icaoClass":6,"activity":0,"onDemand":false,"onRequest":false,"byNotam":false,"specialAgreement":false,"requestCompliance":false,"country":"CO","upperLimit":{"value":12500,"unit":1,"referenceDatum":1},"lowerLimit":{"value":0,"unit":1,"referenceDatum":0},"hoursOfOperation":{"operatingHours":[{"dayOfWeek":0,"startTime":"00:00","endTime":"00:00","byNotam":false,"sunrise":false,"sunset":false,"publicHolidaysExcluded":false},{"dayOfWeek":1,"startTime":"00:00","endTime":"00:00","byNotam":false,"sunrise":false,"sunset":false,"publicHolidaysExcluded":false},{"dayOfWeek":2,"startTime":"00:00","endTime":"00:00","byNotam":false,"sunrise":false,"sunset":false,"publicHolidaysExcluded":false},{"dayOfWeek":3,"startTime":"00:00","endTime":"00:00","byNotam":false,"sunrise":false,"sunset":false,"publicHolidaysExcluded":false},{"dayOfWeek":4,"startTime":"00:00","endTime":"00:00","byNotam":false,"sunrise":false,"sunset":false,"publicHolidaysExcluded":false},{"dayOfWeek":5,"startTime":"00:00","endTime":"00:00","byNotam":false,"sunrise":false,"sunset":false,"publicHolidaysExcluded":false},{"dayOfWeek":6,"startTime":"00:00","endTime":"00:00","byNotam":false,"sunrise":false,"sunset":false,"publicHolidaysExcluded":false}]},"deletable":true}},{"type":"Feature","geometry":{"type":"Polygon","coordinates":[[[-73.60889,6.18],[-73.85806,6.10667],[-73.94056,5.53222],[-73.60889,6.18]]]},"properties":{"_id":"677d3569c4d29dbb7301a5e9","createdBy":"OPONcQnzWGOLiJSceNaf8pvx1fA2","createdAt":"2025-01-07T14:08:41.791Z","updatedBy":"OPONcQnzWGOLiJSceNaf8pvx1fA2","updatedAt":"2025-01-07T14:10:26.300Z","name":"PLA8","dataIngestion":true,"type":0,"icaoClass":6,"activity":0,"onDemand":false,"onRequest":false,"byNotam":false,"specialAgreement":false,"requestCompliance":false,"country":"CO","upperLimit":{"value":11000,"unit":1,"referenceDatum":1},"lowerLimit":{"value":0,"unit":1,"referenceDatum":0},"hoursOfOperation":{"operatingHours":[{"dayOfWeek":0,"startTime":"00:00","endTime":"00:00","byNotam":false,"sunrise":false,"sunset":false,"publicHolidaysExcluded":false},{"dayOfWeek":1,"startTime":"00:00","endTime":"00:00","byNotam":false,"sunrise":false,"sunset":false,"publicHolidaysExcluded":false},{"dayOfWeek":2,"startTime":"00:00","endTime":"00:00","byNotam":false,"sunrise":false,"sunset":false,"publicHolidaysExcluded":false},{"dayOfWeek":3,"startTime":"00:00","endTime":"00:00","byNotam":false,"sunrise":false,"sunset":false,"publicHolidaysExcluded":false},{"dayOfWeek":4,"startTime":"00:00","endTime":"00:00","byNotam":false,"sunrise":false,"sunset":false,"publicHolidaysExcluded":false},{"dayOfWeek":5,"startTime":"00:00","endTime":"00:00","byNotam":false,"sunrise":false,"sunset":false,"publicHolidaysExcluded":false},{"dayOfWeek":6,"startTime":"00:00","endTime":"00:00","byNotam":false,"sunrise":false,"sunset":false,"publicHolidaysExcluded":false}]},"deletable":true}},{"type":"Feature","geometry":{"type":"Polygon","coordinates":[[[-73.07942,7.03284],[-73.09268,7.06117],[-73.12416,7.05963],[-73.10301,7.02288],[-73.07942,7.03284]]]},"properties":{"_id":"677d3568c4d29dbb7301a51a","createdBy":"OPONcQnzWGOLiJSceNaf8pvx1fA2","createdAt":"2025-01-07T14:08:40.592Z","updatedBy":"OPONcQnzWGOLiJSceNaf8pvx1fA2","updatedAt":"2025-01-07T14:10:14.278Z","name":"RUITOQUE","dataIngestion":true,"type":0,"icaoClass":6,"activity":0,"onDemand":false,"onRequest":false,"byNotam":false,"specialAgreement":false,"requestCompliance":false,"country":"CO","upperLimit":{"value":5500,"unit":1,"referenceDatum":1},"lowerLimit":{"value":0,"unit":1,"referenceDatum":0},"hoursOfOperation":{"operatingHours":[{"dayOfWeek":0,"startTime":"00:00","endTime":"00:00","byNotam":false,"sunrise":false,"sunset":false,"publicHolidaysExcluded":false},{"dayOfWeek":1,"startTime":"00:00","endTime":"00:00","byNotam":false,"sunrise":false,"sunset":false,"publicHolidaysExcluded":false},{"dayOfWeek":2,"startTime":"00:00","endTime":"00:00","byNotam":false,"sunrise":false,"sunset":false,"publicHolidaysExcluded":false},{"dayOfWeek":3,"startTime":"00:00","endTime":"00:00","byNotam":false,"sunrise":false,"sunset":false,"publicHolidaysExcluded":false},{"dayOfWeek":4,"startTime":"00:00","endTime":"00:00","byNotam":false,"sunrise":false,"sunset":false,"publicHolidaysExcluded":false},{"dayOfWeek":5,"startTime":"00:00","endTime":"00:00","byNotam":false,"sunrise":false,"sunset":false,"publicHolidaysExcluded":false},{"dayOfWeek":6,"startTime":"00:00","endTime":"00:00","byNotam":false,"sunrise":false,"sunset":false,"publicHolidaysExcluded":false}]},"deletable":true}},{"type":"Feature","geometry":{"type":"Polygon","coordinates":[[[-75.14167,6.3075],[-75.15194,6.24694],[-75.11583,6.23639],[-75.01056,6.27333],[-75.01833,6.31333],[-75.14167,6.3075]]]},"properties":{"_id":"677d3567c4d29dbb7301a4a5","createdBy":"OPONcQnzWGOLiJSceNaf8pvx1fA2","createdAt":"2025-01-07T14:08:39.932Z","updatedBy":"OPONcQnzWGOLiJSceNaf8pvx1fA2","updatedAt":"2025-01-07T14:10:05.822Z","name":"SAN RAFAEL Â ANTIOQUIA","dataIngestion":true,"type":21,"icaoClass":8,"activity":0,"onDemand":false,"onRequest":false,"byNotam":false,"specialAgreement":false,"requestCompliance":false,"country":"CO","upperLimit":{"value":7500,"unit":1,"referenceDatum":1},"lowerLimit":{"value":0,"unit":1,"referenceDatum":0},"hoursOfOperation":{"operatingHours":[{"dayOfWeek":0,"startTime":"00:00","endTime":"00:00","byNotam":false,"sunrise":false,"sunset":false,"publicHolidaysExcluded":false},{"dayOfWeek":1,"startTime":"00:00","endTime":"00:00","byNotam":false,"sunrise":false,"sunset":false,"publicHolidaysExcluded":false},{"dayOfWeek":2,"startTime":"00:00","endTime":"00:00","byNotam":false,"sunrise":false,"sunset":false,"publicHolidaysExcluded":false},{"dayOfWeek":3,"startTime":"00:00","endTime":"00:00","byNotam":false,"sunrise":false,"sunset":false,"publicHolidaysExcluded":false},{"dayOfWeek":4,"startTime":"00:00","endTime":"00:00","byNotam":false,"sunrise":false,"sunset":false,"publicHolidaysExcluded":false},{"dayOfWeek":5,"startTime":"00:00","endTime":"00:00","byNotam":false,"sunrise":false,"sunset":false,"publicHolidaysExcluded":false},{"dayOfWeek":6,"startTime":"00:00","endTime":"00:00","byNotam":false,"sunrise":false,"sunset":false,"publicHolidaysExcluded":false}]},"deletable":true}},{"type":"Feature","geometry":{"type":"Polygon","coordinates":[[[-75.83299,4.50041],[-75.98238,4.50041],[-75.98238,4.40041],[-75.83299,4.40041],[-75.83114577616838,4.400673513469524],[-75.82894348958563,4.398005621707165],[-75.8266311009765,4.395432013543681],[-75.82421266725954,4.392957202957447],[-75.82169243122375,4.390585530597756],[-75.8190748140853,4.388321156176857],[-75.81636440773218,4.38616805117938],[-75.81356596667084,4.384129991901909],[-75.81068439968843,4.382210552834851],[-75.8077247612457,4.380413100398181],[-75.80469224261523,4.378740787042006],[-75.80159216278085,4.377196545722237],[-75.79842995911392,4.375783084761034],[-75.7952111778428,4.374502883101016],[-75.79194146433238,4.373358185961485],[-75.78862655319035,4.372351000904283],[-75.78527225821773,4.371483094316147],[-75.78188446222119,4.3707559883136895],[-75.77846910670472,4.370170958076429],[-75.77503218145905,4.369729029612503],[-75.77157971406665,4.369430977960999],[-75.76811775934071,4.369277325834],[-75.76465238871684,4.369268342700748],[-75.76118967961534,4.369404044315518],[-75.75773570479352,4.369684192690004],[-75.75429652170564,4.3701082965103035],[-75.7508781618901,4.37067561199774],[-75.74748662040138,4.371385144212037],[-75.74412784530593,4.372235648794555],[-75.74080772726009,4.373225634148578],[-75.73753208918815,4.374353364052797],[-75.73430667607862,4.37561686070347],[-75.7311371449167,4.377013908179924],[-75.72802905477029,4.378542056327344],[-75.72498785704698,4.380198625050093],[-75.72201888593915,4.381980709008036],[-75.71912734907366,4.383885182707681],[-75.71631831838256,4.385908705979251],[-75.71359672121105,4.388047729830094],[-75.7109673316777,4.390298502664244],[-75.70843476230264,4.39265707685722],[-75.706003455918,4.395119315674616],[-75.70367767787482,4.397680900522368],[-75.70146150856041,4.400337338516029],[-75.6993588362387,4.4030839703558335],[-75.69737335022673,4.405915978493756],[-75.6955085344189,4.408828395578319],[-75.69376766117055,4.411816113162361],[-75.69215378555144,4.414873890658531],[-75.69066973997948,4.417996364526858],[-75.68931812924392,4.421178057678314],[-75.6881013259271,4.424413389077909],[-75.68702146623241,4.427696683530523],[-75.68608044622633,4.431022181632337],[-75.68527991850077,4.434384049870435],[-75.68462128926205,4.4377763908529],[-75.68410571585127,4.441193253651479],[-75.68373410470102,4.444628644238704],[-75.68350710973147,4.4480765360011665],[-75.68342513118948,4.451530880310534],[-75.68348831493222,4.454985617133772],[-75.68369655215699,4.458434685663959],[-75.68404947957782,4.461872034953069],[-75.68454648004841,4.465291634528046],[-75.68518668363072,4.46868748497156],[-75.6859689691072,4.472053628448871],[-75.68689196593422,4.4753841591623225],[-75.68795405663342,4.478673233715096],[-75.6891533796166,4.481915081366052],[-75.69048783243967,4.4851040141576215],[-75.69195507547985,4.488234436898945],[-75.69355253602963,4.491300856986755],[-75.69527741280064,4.494297894046689],[-75.69712668082934,4.497220289378114],[-75.69909709677636,4.500062915185843],[-75.70118520460967,4.502820783582499],[-75.70338734166226,4.505489055345694],[-75.70569964505343,4.508063048414617],[-75.70811805846236,4.51053824611106],[-75.71063833924251,4.512910305070429],[-75.7132560658639,4.515175062868756],[-75.7159666456706,4.51732854533229],[-75.71876532293953,4.519366973516793],[-75.72164718722671,4.521286770344237],[-75.72460718198603,4.523084566885208],[-75.72764011344563,4.524757208275952],[-75.73074065972595,4.526301759259625],[-75.73390338018392,4.5277155093419905],[-75.73712272496617,4.5289959775524435],[-75.74039304475528,4.53014091680202],[-75.74370860069088,4.531148317830642],[-75.7470635744492,4.532016412736682],[-75.75045207846239,4.532743678082608],[-75.75386816626018,4.533328837571216],[-75.75730584291544,4.533770864287758],[-75.76075907557505,4.534068982503975],[-75.76422180405801,4.534222669040877],[-75.76768795150139,4.534231654187858],[-75.77115143503596,4.534095922176522],[-75.7746061764724,4.533815711208382],[-75.77804611297908,4.533391513036394],[-75.78146520773298,4.532824072101046],[-75.78485746052449,4.532114384222547],[-75.7882169182979,4.531263694851412],[-75.79153768560832,4.5302734968805245],[-75.79481393497738,4.52914552802255],[-75.79803991712875,4.527881767757327],[-75.80120997108577,4.526484433854604],[-75.80431853411356,4.524955978478275],[-75.80736015148757,4.52329908387897],[-75.8103294860719,4.521516657682625],[-75.81322132769017,4.51961182778329],[-75.81603060227272,4.517587936849235],[-75.81875238076364,4.515448536452001],[-75.82138188777255,4.5131973808287595],[-75.82391450995532,4.510838420288987],[-75.82634580410944,4.508375794277032],[-75.82867150496966,4.505813824102851],[-75.83088753269008,4.503157005353676],[-75.83299,4.50041]]]},"properties":{"_id":"677d3569c4d29dbb7301a5b0","createdBy":"OPONcQnzWGOLiJSceNaf8pvx1fA2","createdAt":"2025-01-07T14:08:41.430Z","updatedBy":"OPONcQnzWGOLiJSceNaf8pvx1fA2","updatedAt":"2025-01-07T14:10:23.349Z","name":"SKAR / ARMENIA","dataIngestion":true,"type":4,"icaoClass":3,"activity":0,"onDemand":false,"onRequest":false,"byNotam":false,"specialAgreement":false,"requestCompliance":false,"country":"CO","upperLimit":{"value":7000,"unit":1,"referenceDatum":1},"lowerLimit":{"value":0,"unit":1,"referenceDatum":0},"hoursOfOperation":{"operatingHours":[{"dayOfWeek":0,"startTime":"00:00","endTime":"00:00","byNotam":false,"sunrise":false,"sunset":false,"publicHolidaysExcluded":false},{"dayOfWeek":1,"startTime":"00:00","endTime":"00:00","byNotam":false,"sunrise":false,"sunset":false,"publicHolidaysExcluded":false},{"dayOfWeek":2,"startTime":"00:00","endTime":"00:00","byNotam":false,"sunrise":false,"sunset":false,"publicHolidaysExcluded":false},{"dayOfWeek":3,"startTime":"00:00","endTime":"00:00","byNotam":false,"sunrise":false,"sunset":false,"publicHolidaysExcluded":false},{"dayOfWeek":4,"startTime":"00:00","endTime":"00:00","byNotam":false,"sunrise":false,"sunset":false,"publicHolidaysExcluded":false},{"dayOfWeek":5,"startTime":"00:00","endTime":"00:00","byNotam":false,"sunrise":false,"sunset":false,"publicHolidaysExcluded":false},{"dayOfWeek":6,"startTime":"00:00","endTime":"00:00","byNotam":false,"sunrise":false,"sunset":false,"publicHolidaysExcluded":false}]},"deletable":true}},{"type":"Feature","geometry":{"type":"Polygon","coordinates":[[[-73.20667,7.04528],[-73.19417,7.01417],[-73.1475,7.03278],[-73.10083,7.05139],[-73.11333,7.0825],[-73.11162901103378,7.083795228468058],[-73.1098836468617,7.086869924440832],[-73.1082695368758,7.0900144476473965],[-73.10678951476791,7.09322328290738],[-73.10544617922055,7.09649080212812],[-73.10424188933266,7.0998112741691255],[-73.10317876046396,7.103178874887999],[-73.10225866050587,7.106587697350224],[-73.10148320658502,7.110031762184972],[-73.10085376220572,7.11350502806882],[-73.10037143483636,7.117001402319023],[-73.10003707394415,7.1205147515777885],[-73.09985126948182,7.124038912568865],[-73.099814350829,7.127567702907571],[-73.09992638619065,7.1310949319453325],[-73.10018718245303,7.134614411629725],[-73.10059628549863,7.138119967360956],[-73.10115298097871,7.141605448825755],[-73.10185629554297,7.145064740789634],[-73.102704998524,7.148491773828604],[-73.10369760407377,7.151880534981465],[-73.10483237374862,7.155225078303966],[-73.10610731953845,7.158519535306284],[-73.10752020733477,7.16175812525547],[-73.10906856083173,7.164935165324718],[-73.11074966585352,7.1680450805716465],[-73.1125605751005,7.171082413727957],[-73.11449811330607,7.174041834783297],[-73.11655888279496,7.176918150346409],[-73.1187392694338,7.179706312767061],[-73.12103544896313,7.182401429002717],[-73.12344339370003,7.1849987692142685],[-73.12595887959965,7.187493775075696],[-73.12857749366334,7.189882067782978],[-73.13129464168013,7.192159455748132],[-73.13410555628832,7.19432194196477],[-73.13700530534295,7.196365731032207],[-73.13998880057416,7.198287235825668],[-73.14305080652164,7.200083083800832],[-73.14618594972914,7.201750122921582],[-73.14938872818297,7.203285427200425],[-73.15265352097774,7.204686301841885],[-73.15597459819253,7.205950287979653],[-73.15934613095972,7.2070751669992115],[-73.16276220170894,7.208058964438236],[-73.16621681456805,7.208899953457882],[-73.16970390590247,7.20959665787883],[-73.17321735497474,7.210147854776675],[-73.17675099470488,7.210552576632113],[-73.18029862251286,7.210810113032093],[-73.1838540112241,7.210920011918924],[-73.18741092001817,7.2108820803851215],[-73.19096310540193,7.210696385012598],[-73.19450433218735,7.210363251755606],[-73.19802838445443,7.209883265367588],[-73.20152907648031,7.20925726837303],[-73.20500026361472,7.208486359586063],[-73.20843585308268,7.207571892178484],[-73.21182981469568,7.206515471300601],[-73.21517619145166,7.205318951259097],[-73.21846911000586,7.203984432256946],[-73.22170279099336,7.202514256701119],[-73.22487155918546,7.20091100508462],[-73.22796985346194,7.199177491450156],[-73.23099223658129,7.19731675844345],[-73.23393340473196,7.195332071964931],[-73.23678819684783,7.193226915429314],[-73.23955160367107,7.191004983643144],[-73.2422187765471,7.188670176311202],[-73.24478503593542,7.186226591183179],[-73.24724587962184,7.183678516852784],[-73.24959699061777,7.181030425221971],[-73.25183424473212,7.178286963643601],[-73.2539537178033,7.175452946756407],[-73.25595169257792,7.172533348026682],[-73.25782466522489,7.169533291011604],[-73.25956935147288,7.166458040359596],[-73.26118269236085,7.163312992563614],[-73.26266185959169,7.160103666483634],[-73.26400426047921,7.156835693655063],[-73.26520754248047,7.153514808400108],[-73.26626959730531,7.1501468377595545],[-73.26718856459595,7.146737691262647],[-73.26796283517062,7.143293350553073],[-73.2685910538253,7.139819858889309],[-73.26907212168913,7.1363233105377795],[-73.26940519812943,7.132809840077463],[-73.26958970220295,7.12928561163475],[-73.26962531365128,7.125756808067446],[-73.2695119734386,7.122229620116913],[-73.26924988383114,7.118710235547379],[-73.26883950801833,7.115204828291476],[-73.26828156927638,7.111719547621035],[-73.26757704967618,7.108260507362123],[-73.26672718833757,7.104833775173202],[-73.26573347923363,7.101445361905239],[-73.26459766854862,7.098101211062332],[-73.26332175159457,7.094807188381351],[-73.26190796929203,7.091569071548808],[-73.26035880422111,7.08839254007294],[-73.25867697625027,7.08528316532873],[-73.25686543775011,7.082246400793244],[-73.25492736840104,7.079287572488379],[-73.2528661696039,7.076411869647683],[-73.25068545850338,7.0736243356235855],[-73.24838906163488,7.070929859050878],[-73.24598100820577,7.0683331652818975],[-73.24346552302335,7.065838808108337],[-73.24084701908127,7.063451161784135],[-73.23813008981811,7.061174413363363],[-73.23531950106118,7.059012555366455],[-73.23242018266988,7.0569693787875885],[-73.22943721989327,7.055048466455358],[-73.22637584445692,7.053253186758388],[-73.22324142539452,7.051586687746726],[-73.22003945964039,7.050051891619369],[-73.21677556239943,7.048651489607473],[-73.2134554573109,7.047387937262179],[-73.21008496642365,7.046263450155245],[-73.20667,7.04528]]]},"properties":{"_id":"677d3569c4d29dbb7301a5c5","createdBy":"OPONcQnzWGOLiJSceNaf8pvx1fA2","createdAt":"2025-01-07T14:08:41.571Z","updatedBy":"OPONcQnzWGOLiJSceNaf8pvx1fA2","updatedAt":"2025-01-07T14:10:24.474Z","name":"SKBG / BUCARAMANGA","dataIngestion":true,"type":4,"icaoClass":3,"activity":0,"onDemand":false,"onRequest":false,"byNotam":false,"specialAgreement":false,"requestCompliance":false,"country":"CO","upperLimit":{"value":6000,"unit":1,"referenceDatum":1},"lowerLimit":{"value":0,"unit":1,"referenceDatum":0},"hoursOfOperation":{"operatingHours":[{"dayOfWeek":0,"startTime":"00:00","endTime":"00:00","byNotam":false,"sunrise":false,"sunset":false,"publicHolidaysExcluded":false},{"dayOfWeek":1,"startTime":"00:00","endTime":"00:00","byNotam":false,"sunrise":false,"sunset":false,"publicHolidaysExcluded":false},{"dayOfWeek":2,"startTime":"00:00","endTime":"00:00","byNotam":false,"sunrise":false,"sunset":false,"publicHolidaysExcluded":false},{"dayOfWeek":3,"startTime":"00:00","endTime":"00:00","byNotam":false,"sunrise":false,"sunset":false,"publicHolidaysExcluded":false},{"dayOfWeek":4,"startTime":"00:00","endTime":"00:00","byNotam":false,"sunrise":false,"sunset":false,"publicHolidaysExcluded":false},{"dayOfWeek":5,"startTime":"00:00","endTime":"00:00","byNotam":false,"sunrise":false,"sunset":false,"publicHolidaysExcluded":false},{"dayOfWeek":6,"startTime":"00:00","endTime":"00:00","byNotam":false,"sunrise":false,"sunset":false,"publicHolidaysExcluded":false}]},"deletable":true}},{"type":"Feature","geometry":{"type":"Polygon","coordinates":[[[-74.90722,11.01944],[-74.85056,10.92639],[-74.85333922485196,10.926435300477602],[-74.85485205417015,10.923415006534222],[-74.85623471607138,10.920335152886128],[-74.85748478820159,10.917201144402519],[-74.85860008110198,10.91401848081615],[-74.85957864202466,10.910792747063693],[-74.86041875833118,10.907529603477604],[-74.86111896046823,10.90423477584697],[-74.86167802451541,10.900914045364699],[-74.86209497430093,10.897573238478804],[-74.86236908308167,10.894218216665617],[-74.86249987478479,10.890854866142897],[-74.86248712480923,10.887489087540926],[-74.86233086038573,10.884126785549716],[-74.86203136049478,10.880773858560492],[-74.86158915534342,10.877436188319624],[-74.8610050254016,10.874119629613164],[-74.86028,10.87083],[-74.89917,10.82917],[-74.86028,10.79528],[-74.82167,10.76417],[-74.78278,10.80583],[-74.78112933357617,10.807105094131861],[-74.77761800465822,10.807158836136654],[-74.77411204309404,10.807356922603955],[-74.77061759448587,10.807699006308065],[-74.76714078430429,10.80818448760899],[-74.76368770717671,10.808812515500996],[-74.76026441622938,10.809581989100764],[-74.7568769125011,10.810491559572496],[-74.75353113444744,10.811539632486744],[-74.75023294755302,10.812724370608779],[-74.74698813407045,10.814043697111702],[-74.74380238290351,10.81549529920875],[-74.74068127965194,10.817076632198477],[-74.73763029683549,10.818784923915796],[-74.7346547843139,10.82061717958118],[-74.73175995991971,10.822570187039606],[-74.72895090032003,10.824640522380134],[-74.72623253212332,10.826824555926411],[-74.72360962324659,10.829118458587667],[-74.72108677455819,10.831518208559185],[-74.71866841181065,10.834019598360632],[-74.71635877787797,10.836618242199961],[-74.71416192531049,10.839309583650177],[-74.71208170922104,10.842088903625545],[-74.71012178051421,10.844951328643385],[-74.70828557947134,10.847891839357107],[-74.70657632970179,10.850905279345609],[-74.70499703247204,10.853986364143731],[-74.7035504614219,10.857129690498027],[-74.70223915767775,10.860329745831761],[-74.70106542537133,10.86358091790257],[-74.70003132757196,10.866877504635974],[-74.69913868263995,10.870213724117557],[-74.6983890610071,10.873583724726396],[-74.69778378239091,10.876981595391987],[-74.69732391344694,10.880401375956772],[-74.69701026586412,10.883837067626125],[-74.6968433949063,10.887282643487518],[-74.69682359840301,10.890732059080444],[-74.69695091619138,10.89417926299858],[-74.69722513001038,10.897618207505596],[-74.69764576384799,10.901042859146022],[-74.69821208474076,10.904447209332488],[-74.69892310402474,10.907825284890842],[-74.69977757903575,10.911171158544526],[-74.70077401525627,10.914478959319839],[-74.70191066890544,10.91774288285377],[-74.70318554996787,10.920957201586257],[-74.7045964256561,10.92411627481893],[-74.70614082430082,10.927214558622627],[-74.7078160396624,10.930246615576198],[-74.70961913565607,10.933207124319445],[-74.71154695148289,10.936090888903333],[-74.71359610715741,10.93889284792096],[-74.71576300942267,10.941608083403162],[-74.71804385804205,10.944231829463048],[-74.72043465245731,10.946759480674144],[-74.72293119880081,10.949186600167383],[-74.72552911725002,10.951508927432544],[-74.72822384971131,10.953722385810398],[-74.73101066781943,10.955823089662223],[-74.73388468123879,10.957807351204071],[-74.73684084625187,10.959671686993564],[-74.7398739746196,10.961412824057803],[-74.74297874269814,10.963027705651506],[-74.74614970079595,10.964513496635105],[-74.7493812827546,10.96586758846332],[-74.75266781573626,10.967087603775338],[-74.75600353020086,10.968171400578395],[-74.75938257005484,10.969117076017396],[-74.76279900295378,10.969922969723848],[-74.76624683074047,10.970587666738142],[-74.76972,10.97111],[-74.81528,11.06417],[-74.86,11.03722],[-74.90722,11.01944]]]},"properties":{"_id":"677d3569c4d29dbb7301a5c8","createdBy":"OPONcQnzWGOLiJSceNaf8pvx1fA2","createdAt":"2025-01-07T14:08:41.591Z","updatedBy":"OPONcQnzWGOLiJSceNaf8pvx1fA2","updatedAt":"2025-01-07T14:10:24.746Z","name":"SKBQ / BARRANQUILLA","dataIngestion":true,"type":4,"icaoClass":3,"activity":0,"onDemand":false,"onRequest":false,"byNotam":false,"specialAgreement":false,"requestCompliance":false,"country":"CO","upperLimit":{"value":3500,"unit":1,"referenceDatum":1},"lowerLimit":{"value":0,"unit":1,"referenceDatum":0},"hoursOfOperation":{"operatingHours":[{"dayOfWeek":0,"startTime":"00:00","endTime":"00:00","byNotam":false,"sunrise":false,"sunset":false,"publicHolidaysExcluded":false},{"dayOfWeek":1,"startTime":"00:00","endTime":"00:00","byNotam":false,"sunrise":false,"sunset":false,"publicHolidaysExcluded":false},{"dayOfWeek":2,"startTime":"00:00","endTime":"00:00","byNotam":false,"sunrise":false,"sunset":false,"publicHolidaysExcluded":false},{"dayOfWeek":3,"startTime":"00:00","endTime":"00:00","byNotam":false,"sunrise":false,"sunset":false,"publicHolidaysExcluded":false},{"dayOfWeek":4,"startTime":"00:00","endTime":"00:00","byNotam":false,"sunrise":false,"sunset":false,"publicHolidaysExcluded":false},{"dayOfWeek":5,"startTime":"00:00","endTime":"00:00","byNotam":false,"sunrise":false,"sunset":false,"publicHolidaysExcluded":false},{"dayOfWeek":6,"startTime":"00:00","endTime":"00:00","byNotam":false,"sunrise":false,"sunset":false,"publicHolidaysExcluded":false}]},"deletable":true}},{"type":"Feature","geometry":{"type":"Polygon","coordinates":[[[-77.39497,6.253076239408535],[-77.39707489156942,6.2530324063632365],[-77.39917608938948,6.25290098414742],[-77.40126990619844,6.252682203386222],[-77.4033526676981,6.252376448004779],[-77.40542071900727,6.2519842545539115],[-77.40747043108055,6.251506311267759],[-77.4094982070821,6.250943456855009],[-77.41150048870215,6.250296679025865],[-77.413473762406,6.249567112757337],[-77.4154145656039,6.248756038299914],[-77.41731949273118,6.247864878929149],[-77.41918520122805,6.246895198446085],[-77.42100841740825,6.245848698430961],[-77.42278594220637,6.244727215255003],[-77.42451465679389,6.243532716855599],[-77.42619152805368,6.242267299280511],[-77.42781361390371,6.240933183007218],[-77.42937806846047,6.239532709043884],[-77.43088214703276,6.238068334818792],[-77.43232321093777,6.236542629865517],[-77.43369873213014,6.234958271311383],[-77.43500629763653,6.2333180391772105],[-77.43624361378768,6.231624811496555],[-77.43740851024043,6.229881559263085],[-77.43849894378297,6.22809134121496],[-77.4395130019164,6.226257298465374],[-77.44044890620624,6.224382648988731],[-77.44130501539856,6.22247068197215],[-77.44207982829464,6.220524752042194],[-77.44277198637963,6.218548273377016],[-77.44338027620034,6.216544713714248],[-77.44390363148827,6.214517588265156],[-77.44434113502396,6.212470453545775],[-77.44469202023963,6.2104069011358405],[-77.44495567255711,6.208330551376483],[-77.44513163045923,6.2062450470177595],[-77.4452195862921,6.204154046827167],[-77.44521938679769,6.202061219170348],[-77.4451310333753,6.199970235575273],[-77.44495468207178,6.197884764291182],[-77.44469064330042,6.195808463853575],[-77.44433938128911,6.1937449766665535],[-77.44390151325895,6.191697922613756],[-77.44337780833439,6.189670892709103],[-77.44276918618735,6.187667442798452],[-77.44207671541734,6.185691087323242],[-77.44130161167082,6.1837452931570125],[-77.44044523550276,6.181833473525637],[-77.43950908998448,6.179958982021875],[-77.43849481806201,6.178125106724781],[-77.43740419966936,6.176335064434201],[-77.43623914860204,6.17459199503052],[-77.4350017091564,6.172898955969476],[-77.43369405254039,6.1712589169217065],[-77.43231847306235,6.169674754566409],[-77.43087738410448,6.1681492475482065],[-77.4293733138878,6.166685071606053],[-77.42780890103661,6.165284794882709],[-77.4261868899495,6.163950873422964],[-77.42451012598563,6.1626856468685],[-77.4227815504744,6.161491334356926],[-77.42100419555743,6.160370030632133],[-77.41918117887165,6.159323702372787],[-77.41731569808314,6.15835418474537],[-77.41541102528097,6.157463178187804],[-77.41347050124104,6.156652245429257],[-77.4114975295699,6.15592280875136],[-77.40949557073876,6.155276147495623],[-77.4074681360182,6.154713395821372],[-77.40541878132413,6.154235540718175],[-77.40335110098566,6.153843420276175],[-77.40126872144604,6.1535377222174095],[-77.39917529490737,6.153318982690619],[-77.39707449293026,6.15318758533171],[-77.39497,6.1531437605914645],[-77.39286550706976,6.15318758533171],[-77.39076470509265,6.153318982690619],[-77.38867127855397,6.1535377222174095],[-77.38658889901434,6.153843420276175],[-77.38452121867587,6.154235540718175],[-77.3824718639818,6.154713395821372],[-77.38044442926126,6.155276147495623],[-77.37844247043012,6.15592280875136],[-77.37646949875896,6.156652245429257],[-77.37452897471904,6.157463178187804],[-77.37262430191687,6.15835418474537],[-77.37075882112836,6.159323702372787],[-77.36893580444257,6.160370030632133],[-77.36715844952562,6.161491334356926],[-77.36542987401438,6.1626856468685],[-77.36375311005051,6.163950873422964],[-77.3621310989634,6.165284794882709],[-77.36056668611221,6.166685071606053],[-77.35906261589554,6.1681492475482065],[-77.35762152693765,6.169674754566409],[-77.35624594745961,6.1712589169217065],[-77.3549382908436,6.172898955969476],[-77.35370085139796,6.17459199503052],[-77.35253580033066,6.1763350644342],[-77.35144518193799,6.178125106724781],[-77.35043091001553,6.179958982021875],[-77.34949476449725,6.181833473525637],[-77.34863838832919,6.1837452931570125],[-77.34786328458267,6.185691087323242],[-77.34717081381267,6.187667442798452],[-77.34656219166563,6.189670892709103],[-77.34603848674107,6.191697922613756],[-77.34560061871089,6.193744976666552],[-77.3452493566996,6.195808463853575],[-77.34498531792822,6.197884764291182],[-77.34480896662471,6.199970235575273],[-77.34472061320231,6.202061219170348],[-77.34472041370792,6.204154046827167],[-77.34480836954077,6.2062450470177595],[-77.34498432744289,6.208330551376483],[-77.34524797976039,6.2104069011358405],[-77.34559886497604,6.212470453545775],[-77.34603636851173,6.214517588265156],[-77.34655972379967,6.216544713714248],[-77.34716801362039,6.218548273377016],[-77.34786017170536,6.220524752042194],[-77.34863498460146,6.22247068197215],[-77.34949109379376,6.224382648988731],[-77.3504269980836,6.226257298465374],[-77.35144105621703,6.22809134121496],[-77.35253148975958,6.229881559263085],[-77.35369638621233,6.231624811496555],[-77.35493370236347,6.2333180391772105],[-77.35624126786988,6.234958271311383],[-77.35761678906223,6.236542629865517],[-77.35905785296725,6.238068334818792],[-77.36056193153955,6.239532709043884],[-77.36212638609629,6.240933183007218],[-77.36374847194634,6.242267299280511],[-77.36542534320613,6.243532716855599],[-77.36715405779363,6.244727215255003],[-77.36893158259176,6.245848698430961],[-77.37075479877196,6.246895198446085],[-77.37262050726883,6.247864878929149],[-77.37452543439612,6.248756038299914],[-77.376466237594,6.249567112757337],[-77.37843951129786,6.250296679025865],[-77.38044179291792,6.250943456855009],[-77.38246956891945,6.251506311267759],[-77.38451928099275,6.2519842545539115],[-77.3865873323019,6.252376448004779],[-77.38867009380157,6.252682203386222],[-77.39076391061052,6.25290098414742],[-77.3928651084306,6.2530324063632365],[-77.39497,6.253076239408535]]]},"properties":{"_id":"677d3569c4d29dbb7301a5b9","createdBy":"OPONcQnzWGOLiJSceNaf8pvx1fA2","createdAt":"2025-01-07T14:08:41.487Z","updatedBy":"OPONcQnzWGOLiJSceNaf8pvx1fA2","updatedAt":"2025-01-07T14:10:23.798Z","name":"SKBS / BAHIA SOLANO","dataIngestion":true,"type":4,"icaoClass":3,"activity":0,"onDemand":false,"onRequest":false,"byNotam":false,"specialAgreement":false,"requestCompliance":false,"country":"CO","upperLimit":{"value":4000,"unit":1,"referenceDatum":1},"lowerLimit":{"value":0,"unit":1,"referenceDatum":0},"hoursOfOperation":{"operatingHours":[{"dayOfWeek":0,"startTime":"00:00","endTime":"00:00","byNotam":false,"sunrise":false,"sunset":false,"publicHolidaysExcluded":false},{"dayOfWeek":1,"startTime":"00:00","endTime":"00:00","byNotam":false,"sunrise":false,"sunset":false,"publicHolidaysExcluded":false},{"dayOfWeek":2,"startTime":"00:00","endTime":"00:00","byNotam":false,"sunrise":false,"sunset":false,"publicHolidaysExcluded":false},{"dayOfWeek":3,"startTime":"00:00","endTime":"00:00","byNotam":false,"sunrise":false,"sunset":false,"publicHolidaysExcluded":false},{"dayOfWeek":4,"startTime":"00:00","endTime":"00:00","byNotam":false,"sunrise":false,"sunset":false,"publicHolidaysExcluded":false},{"dayOfWeek":5,"startTime":"00:00","endTime":"00:00","byNotam":false,"sunrise":false,"sunset":false,"publicHolidaysExcluded":false},{"dayOfWeek":6,"startTime":"00:00","endTime":"00:00","byNotam":false,"sunrise":false,"sunset":false,"publicHolidaysExcluded":false}]},"deletable":true}},{"type":"Feature","geometry":{"type":"Polygon","coordinates":[[[-75.56085,10.37416],[-75.55609,10.20696],[-75.50611,10.20833],[-75.45613,10.20977],[-75.46089,10.37673],[-75.45924379480041,10.37823986564329],[-75.45657443014017,10.38050055721245],[-75.45400361081052,10.38286919706945],[-75.45153584656346,10.385341632223295],[-75.44917546676741,10.387913527596657],[-75.44692661281175,10.39058037361422],[-75.44479323083824,10.393337494097223],[-75.44277906481214,10.396180054450458],[-75.44088764994524,10.3991030701275],[-75.43912230648229,10.4021014153594],[-75.43748613386207,10.405169832131637],[-75.43598200526307,10.408302939393742],[-75.43461256254383,10.411495242485467],[-75.43338021158655,10.414741142763106],[-75.4322871180528,10.418034947409168],[-75.43133520355838,10.42137087940828],[-75.43052614227463,10.424743087671867],[-75.42986135796217,10.428145657293966],[-75.4293420214425,10.43157261992022],[-75.42896904851206,10.435017964211928],[-75.42874309830286,10.438475646386811],[-75.42866457209226,10.441939600818108],[-75.428733612565,10.445403750673323],[-75.42895010352821,10.448862018574127],[-75.4293136700808,10.452308337258575],[-75.42982367923663,10.455736660227029],[-75.43047924100117,10.459140972353072],[-75.43127920989933,10.462515300440746],[-75.4322221869528,10.465853723709628],[-75.43330652210287,10.46915038418923],[-75.43453031707533,10.472399497004504],[-75.43589142868231,10.475595360534314],[-75.43738747255541,10.478732366424984],[-75.43901582730422,10.481805009441306],[-75.44077363909236,10.48480789713761],[-75.442657826624,10.487735759331859],[-75.44466508653161,10.490583457366053],[-75.44679189915595,10.493345993136561],[-75.44903453470819,10.496018517878483],[-75.45138905980339,10.498596340688477],[-75.45385134435405,10.501074936770998],[-75.4564170688117,10.503449955393352],[-75.4590817317436,10.50571722753552],[-75.46184065773163,10.507872773221171],[-75.46468900557934,10.509912808516908],[-75.46762177681263,10.511833752187323],[-75.47063382445924,10.513632231994105],[-75.4737198620915,10.515305090627995],[-75.47687447311655,10.516849391263072],[-75.4800921202973,10.518262422723554],[-75.48336715548753,10.519541704253893],[-75.48669382956395,10.520684989883739],[-75.4900663025374,10.521690272379999],[-75.49347865382558,10.522555786778982],[-75.49692489266867,10.523280013492352],[-75.50039896866987,10.52386168098139],[-75.50389478244173,10.52429976799476],[-75.50740619633963,10.524593505365889],[-75.51092704526314,10.524742377366682],[-75.51445114750626,10.524746122615202],[-75.51797231563715,10.524604734535732],[-75.52148436738801,10.524318461370326],[-75.5249811365358,10.52388780574191],[-75.52845648375447,10.523313523769659],[-75.53190430741932,10.522596623738211],[-75.53531855434444,10.521738364323165],[-75.53869323043408,10.520740252375894],[-75.54202241122893,10.519604040271725],[-75.54530025232881,10.518331722826124],[-75.54852099967319,10.516925533784395],[-75.55167899966104,10.515387941891118],[-75.55476870909276,10.51372164654631],[-75.55778470491568,10.511929573056028],[-75.56072169375663,10.510014867485832],[-75.56357452122445,10.507980891126246],[-75.56633818096576,10.505831214580025],[-75.56900782345859,10.503569611481751],[-75.57157876452774,10.501200051860845],[-75.57404649356738,10.498726695159785],[-75.57640668145608,10.496153882919886],[-75.57865518815056,10.493486131147625],[-75.58078806994494,10.490728122374977],[-75.58280158638239,10.48788469742785],[-75.58469220680753,10.484960846917165],[-75.58645661654808,10.481961702467622],[-75.58809172271465,10.478892527699658],[-75.58959465960922,10.475758708980527],[-75.59096279373217,10.472565745960823],[-75.59219372838017,10.469319241913153],[-75.59328530782606,10.466024893890003],[-75.59423562107426,10.46268848271814],[-75.59504300518499,10.45931586284717],[-75.59570604816174,10.455912952070173],[-75.59622359139726,10.452485721134455],[-75.5965947316736,10.449040183260701],[-75.59681882271353,10.445582383589025],[-75.59689547628035,10.442118388570346],[-75.59682456282454,10.43865427532184],[-75.59660621167653,10.435196120965074],[-75.59624081078526,10.431749991965562],[-75.59572900600337,10.428321933492448],[-75.59507169992042,10.424917958816918],[-75.59427005024656,10.421544038767959],[-75.59332546774955,10.41820609126391],[-75.59223961374907,10.41490997093813],[-75.59101439717298,10.411661458876885],[-75.5896519711807,10.408466252487473],[-75.58815472936006,10.405329955514217],[-75.58652530150425,10.402258068219796],[-75.5847665489767,10.399255977749046],[-75.5828815596719,10.396328948692053],[-75.58087364258127,10.393482113862975],[-75.57874632197372,10.390720465310686],[-75.57650333120132,10.388048845576895],[-75.57414860614062,10.385471939216968],[-75.57168627828176,10.382994264598219],[-75.56912066747708,10.380620165989933],[-75.56645627436212,10.378353805958891],[-75.56369777246249,10.376199158083612],[-75.56085,10.37416]]]},"properties":{"_id":"677d3569c4d29dbb7301a5cb","createdBy":"OPONcQnzWGOLiJSceNaf8pvx1fA2","createdAt":"2025-01-07T14:08:41.610Z","updatedBy":"OPONcQnzWGOLiJSceNaf8pvx1fA2","updatedAt":"2025-01-07T14:10:24.890Z","name":"SKCG / CARTAGENA","dataIngestion":true,"type":4,"icaoClass":3,"activity":0,"onDemand":false,"onRequest":false,"byNotam":false,"specialAgreement":false,"requestCompliance":false,"country":"CO","upperLimit":{"value":4500,"unit":1,"referenceDatum":1},"lowerLimit":{"value":0,"unit":1,"referenceDatum":0},"hoursOfOperation":{"operatingHours":[{"dayOfWeek":0,"startTime":"00:00","endTime":"00:00","byNotam":false,"sunrise":false,"sunset":false,"publicHolidaysExcluded":false},{"dayOfWeek":1,"startTime":"00:00","endTime":"00:00","byNotam":false,"sunrise":false,"sunset":false,"publicHolidaysExcluded":false},{"dayOfWeek":2,"startTime":"00:00","endTime":"00:00","byNotam":false,"sunrise":false,"sunset":false,"publicHolidaysExcluded":false},{"dayOfWeek":3,"startTime":"00:00","endTime":"00:00","byNotam":false,"sunrise":false,"sunset":false,"publicHolidaysExcluded":false},{"dayOfWeek":4,"startTime":"00:00","endTime":"00:00","byNotam":false,"sunrise":false,"sunset":false,"publicHolidaysExcluded":false},{"dayOfWeek":5,"startTime":"00:00","endTime":"00:00","byNotam":false,"sunrise":false,"sunset":false,"publicHolidaysExcluded":false},{"dayOfWeek":6,"startTime":"00:00","endTime":"00:00","byNotam":false,"sunrise":false,"sunset":false,"publicHolidaysExcluded":false}]},"deletable":true}},{"type":"Feature","geometry":{"type":"Polygon","coordinates":[[[-76.40861,3.68083],[-76.41972,3.61778],[-76.4208750524391,3.6167331498127773],[-76.42393188623277,3.6150299225209004],[-76.42691456081936,3.613200427400493],[-76.42981784282662,3.611247874759609],[-76.43263663829362,3.6091756908194843],[-76.43536600161161,3.6069875116981955],[-76.43800114420367,3.604687177025933],[-76.44053744292776,3.60227872320312],[-76.44297044818858,3.5997663763132675],[-76.44529589174405,3.5971545447030326],[-76.44750969419252,3.5944478112425338],[-76.44960797212775,3.5916509252795485],[-76.45158704494898,3.58876879430176],[-76.45344344131426,3.5858064753217094],[-76.45517390522588,3.5827691659996073],[-76.45677540173686,3.5796621955196337],[-76.45824512226902,3.5764910152357414],[-76.45958048953288,3.5732611891034374],[-76.46077916204129,3.569978383914339],[-76.4618390382085,3.566648359350682],[-76.46275826002774,3.56327695787724],[-76.46353521632105,3.5598700944884336],[-76.46416854555542,3.5564337463286164],[-76.46465713822073,3.5529739422037823],[-76.46500013876496,3.549496752003096],[-76.46519694708394,3.5460082760488314],[-76.46524721956243,3.542514634393395],[-76.46515086966545,3.5390219560822254],[-76.46490806807834,3.5355363684014054],[-76.46451924239578,3.532063986128843],[-76.46398507636017,3.528610900807876],[-76.46330650865089,3.52518317006212],[-76.4624847312267,3.521786806970267],[-76.46152118722395,3.5184277695194854],[-76.46041756841498,3.515111950155893],[-76.45917581223033,3.511845165450419],[-76.45779809835102,3.50863314589815],[-76.45628684487629,3.5054815258690493],[-76.45464470407376,3.502395833727627],[-76.45287455771948,3.4993814821388853],[-76.45097951203634,3.4964437585774997],[-76.4489628922394,3.4935878160568516],[-76.44682823669778,3.4908186640941543],[-76.44457929072385,3.48814115992747],[-76.44222,3.48556],[-76.455,3.41028],[-76.40556,3.40194],[-76.35639,3.39361],[-76.34389,3.46861],[-76.34246804621877,3.469381755297302],[-76.33941140202036,3.47108484894059],[-76.33642887668248,3.4729142033225577],[-76.33352570181611,3.474866609859888],[-76.33070696994785,3.4769386441229235],[-76.32797762559025,3.479126671838101],[-76.32534245657111,3.4814268552583454],[-76.3228060856367,3.4838351598902966],[-76.32037296234361,3.4863473615665956],[-76.3180473552537,3.4889590538508655],[-76.31583334444532,3.491665655762427],[-76.31373481435463,3.494462419807246],[-76.31175544695887,3.497344440301055],[-76.30989871531406,3.500306661970089],[-76.30816787745842,3.50334388881438],[-76.30656597069178,3.506450793218104],[-76.3050958062417,3.5096219252910363],[-76.30375996432532,3.5128517224247497],[-76.30256078961553,3.5161345190468394],[-76.30150038711977,3.5194645565560805],[-76.30058061847868,3.5228359934211357],[-76.29980309869084,3.5262429154251036],[-76.29916919326985,3.529679346037976],[-76.29868001583856,3.5331392568988256],[-76.2983364261646,3.536616578389356],[-76.29813902864117,3.5401052102802777],[-76.29808817121541,3.543599032431851],[-76.29818394476641,3.5470919155298333],[-76.29842618293422,3.550577731838007],[-76.29881446240003,3.5540503659484215],[-76.29934810361719,3.557503725510497],[-76.30002617199189,3.560931751920166],[-76.3008474795115,3.564328430950289],[-76.30181058681765,3.567687803303686],[-76.30291380572083,3.5710039750702665],[-76.30415520215179,3.5742711280698822],[-76.30553259954495,3.577483530062755],[-76.3070435826477,3.580635544809522],[-76.30868550174911,3.5837216419632534],[-76.31045547732086,3.586736406776033],[-76.3123504050618,3.5896745496030573],[-76.31436696133804,3.592530915187546],[-76.31650160900826,3.5953004917101268],[-76.31875060362496,3.5979784195868034],[-76.32111,3.60056],[-76.31,3.66361],[-76.35917,3.67222],[-76.40861,3.68083]]]},"properties":{"_id":"677d3569c4d29dbb7301a5ad","createdBy":"OPONcQnzWGOLiJSceNaf8pvx1fA2","createdAt":"2025-01-07T14:08:41.412Z","updatedBy":"OPONcQnzWGOLiJSceNaf8pvx1fA2","updatedAt":"2025-01-07T14:10:23.210Z","name":"SKCL / CALI","dataIngestion":true,"type":4,"icaoClass":3,"activity":0,"onDemand":false,"onRequest":false,"byNotam":false,"specialAgreement":false,"requestCompliance":false,"country":"CO","upperLimit":{"value":6000,"unit":1,"referenceDatum":1},"lowerLimit":{"value":0,"unit":1,"referenceDatum":0},"hoursOfOperation":{"operatingHours":[{"dayOfWeek":0,"startTime":"00:00","endTime":"00:00","byNotam":false,"sunrise":false,"sunset":false,"publicHolidaysExcluded":false},{"dayOfWeek":1,"startTime":"00:00","endTime":"00:00","byNotam":false,"sunrise":false,"sunset":false,"publicHolidaysExcluded":false},{"dayOfWeek":2,"startTime":"00:00","endTime":"00:00","byNotam":false,"sunrise":false,"sunset":false,"publicHolidaysExcluded":false},{"dayOfWeek":3,"startTime":"00:00","endTime":"00:00","byNotam":false,"sunrise":false,"sunset":false,"publicHolidaysExcluded":false},{"dayOfWeek":4,"startTime":"00:00","endTime":"00:00","byNotam":false,"sunrise":false,"sunset":false,"publicHolidaysExcluded":false},{"dayOfWeek":5,"startTime":"00:00","endTime":"00:00","byNotam":false,"sunrise":false,"sunset":false,"publicHolidaysExcluded":false},{"dayOfWeek":6,"startTime":"00:00","endTime":"00:00","byNotam":false,"sunrise":false,"sunset":false,"publicHolidaysExcluded":false}]},"deletable":true}},{"type":"Feature","geometry":{"type":"Polygon","coordinates":[[[-73.9164324122843,4.99119680712198],[-73.91762336709621,4.988290401988379],[-73.91893543654413,4.985436226747019],[-73.92036631758731,4.982639287870746],[-73.92191349887455,4.979904491372227],[-73.907524187927,4.9714246282835655],[-73.90563313836395,4.974767115328581],[-73.90388422668734,4.978185556383078],[-73.90228052271877,4.981673955488397],[-73.9008248417238,4.985226193884159],[-73.9164324122843,4.99119680712198]]]},"properties":{"_id":"677d3568c4d29dbb7301a565","createdBy":"OPONcQnzWGOLiJSceNaf8pvx1fA2","createdAt":"2025-01-07T14:08:40.993Z","updatedBy":"OPONcQnzWGOLiJSceNaf8pvx1fA2","updatedAt":"2025-01-07T14:10:19.841Z","name":"SKD36 / GASES TOXICOS","dataIngestion":true,"type":2,"icaoClass":8,"activity":0,"onDemand":false,"onRequest":false,"byNotam":false,"specialAgreement":false,"requestCompliance":false,"country":"CO","upperLimit":{"value":1000,"unit":1,"referenceDatum":1},"lowerLimit":{"value":0,"unit":1,"referenceDatum":0},"hoursOfOperation":{"operatingHours":[{"dayOfWeek":0,"startTime":"00:00","endTime":"00:00","byNotam":false,"sunrise":false,"sunset":false,"publicHolidaysExcluded":false},{"dayOfWeek":1,"startTime":"00:00","endTime":"00:00","byNotam":false,"sunrise":false,"sunset":false,"publicHolidaysExcluded":false},{"dayOfWeek":2,"startTime":"00:00","endTime":"00:00","byNotam":false,"sunrise":false,"sunset":false,"publicHolidaysExcluded":false},{"dayOfWeek":3,"startTime":"00:00","endTime":"00:00","byNotam":false,"sunrise":false,"sunset":false,"publicHolidaysExcluded":false},{"dayOfWeek":4,"startTime":"00:00","endTime":"00:00","byNotam":false,"sunrise":false,"sunset":false,"publicHolidaysExcluded":false},{"dayOfWeek":5,"startTime":"00:00","endTime":"00:00","byNotam":false,"sunrise":false,"sunset":false,"publicHolidaysExcluded":false},{"dayOfWeek":6,"startTime":"00:00","endTime":"00:00","byNotam":false,"sunrise":false,"sunset":false,"publicHolidaysExcluded":false}]},"deletable":true}},{"type":"Feature","geometry":{"type":"Polygon","coordinates":[[[-73.8927687510306,7.078568161025789],[-73.87096479809078,7.066080138260467],[-73.86932651025292,7.068765557717639],[-73.86757632528534,7.071380532225687],[-73.8657173125479,7.0739204730016825],[-73.86375273253249,7.0763809228572985],[-73.86168603114925,7.078757564027163],[-73.85952083368578,7.081046225752839],[-73.85726093845025,7.083242891609082],[-73.8549103101092,7.085343706559421],[-73.85247307273208,7.087344983728659],[-73.85205874428284,7.087668603411155],[-73.8675609695285,7.107353779458771],[-73.86811341630464,7.106922268236391],[-73.87136310825822,7.104253787701649],[-73.87449730254588,7.101452588805935],[-73.87751050025535,7.098523588176524],[-73.88039741514675,7.095471926658936],[-73.8831529829266,7.0923029602812875],[-73.88577237012966,7.089022250841182],[-73.88825098259287,7.085635556131827],[-73.89058447350686,7.082148819824568],[-73.8927687510306,7.078568161025789]]]},"properties":{"_id":"677d3569c4d29dbb7301a568","createdBy":"OPONcQnzWGOLiJSceNaf8pvx1fA2","createdAt":"2025-01-07T14:08:41.010Z","updatedBy":"OPONcQnzWGOLiJSceNaf8pvx1fA2","updatedAt":"2025-01-07T14:10:19.990Z","name":"SKD37 / BARRANCABERMEJA","dataIngestion":true,"type":2,"icaoClass":8,"activity":0,"onDemand":false,"onRequest":false,"byNotam":false,"specialAgreement":false,"requestCompliance":false,"country":"CO","upperLimit":{"value":4500,"unit":1,"referenceDatum":1},"lowerLimit":{"value":0,"unit":1,"referenceDatum":0},"hoursOfOperation":{"operatingHours":[{"dayOfWeek":0,"startTime":"00:00","endTime":"00:00","byNotam":false,"sunrise":false,"sunset":false,"publicHolidaysExcluded":false},{"dayOfWeek":1,"startTime":"00:00","endTime":"00:00","byNotam":false,"sunrise":false,"sunset":false,"publicHolidaysExcluded":false},{"dayOfWeek":2,"startTime":"00:00","endTime":"00:00","byNotam":false,"sunrise":false,"sunset":false,"publicHolidaysExcluded":false},{"dayOfWeek":3,"startTime":"00:00","endTime":"00:00","byNotam":false,"sunrise":false,"sunset":false,"publicHolidaysExcluded":false},{"dayOfWeek":4,"startTime":"00:00","endTime":"00:00","byNotam":false,"sunrise":false,"sunset":false,"publicHolidaysExcluded":false},{"dayOfWeek":5,"startTime":"00:00","endTime":"00:00","byNotam":false,"sunrise":false,"sunset":false,"publicHolidaysExcluded":false},{"dayOfWeek":6,"startTime":"00:00","endTime":"00:00","byNotam":false,"sunrise":false,"sunset":false,"publicHolidaysExcluded":false}]},"deletable":true}},{"type":"Feature","geometry":{"type":"Polygon","coordinates":[[[-73.63053745757831,3.912447151720714],[-73.63680637904983,3.9229315226240775],[-73.64262989087392,3.9336685536092384],[-73.64799776501185,3.944639418037121],[-73.65290057116242,3.955824878549016],[-73.72234835289855,3.9272381565165553],[-73.71618390097557,3.9131769768091114],[-73.70943488465245,3.8993856100615294],[-73.7021131644501,3.8858882363273355],[-73.69423160306062,3.8727085191403536],[-73.63053745757831,3.912447151720714]]]},"properties":{"_id":"677d3569c4d29dbb7301a56b","createdBy":"OPONcQnzWGOLiJSceNaf8pvx1fA2","createdAt":"2025-01-07T14:08:41.033Z","updatedBy":"OPONcQnzWGOLiJSceNaf8pvx1fA2","updatedAt":"2025-01-07T14:10:20.123Z","name":"SKD38 / ENERGIA","dataIngestion":true,"type":2,"icaoClass":8,"activity":0,"onDemand":false,"onRequest":false,"byNotam":false,"specialAgreement":false,"requestCompliance":false,"country":"CO","upperLimit":{"value":2500,"unit":1,"referenceDatum":1},"lowerLimit":{"value":0,"unit":1,"referenceDatum":0},"hoursOfOperation":{"operatingHours":[{"dayOfWeek":0,"startTime":"00:00","endTime":"00:00","byNotam":false,"sunrise":false,"sunset":false,"publicHolidaysExcluded":false},{"dayOfWeek":1,"startTime":"00:00","endTime":"00:00","byNotam":false,"sunrise":false,"sunset":false,"publicHolidaysExcluded":false},{"dayOfWeek":2,"startTime":"00:00","endTime":"00:00","byNotam":false,"sunrise":false,"sunset":false,"publicHolidaysExcluded":false},{"dayOfWeek":3,"startTime":"00:00","endTime":"00:00","byNotam":false,"sunrise":false,"sunset":false,"publicHolidaysExcluded":false},{"dayOfWeek":4,"startTime":"00:00","endTime":"00:00","byNotam":false,"sunrise":false,"sunset":false,"publicHolidaysExcluded":false},{"dayOfWeek":5,"startTime":"00:00","endTime":"00:00","byNotam":false,"sunrise":false,"sunset":false,"publicHolidaysExcluded":false},{"dayOfWeek":6,"startTime":"00:00","endTime":"00:00","byNotam":false,"sunrise":false,"sunset":false,"publicHolidaysExcluded":false}]},"deletable":true}},{"type":"Feature","geometry":{"type":"Polygon","coordinates":[[[-75.94944,5.13333],[-75.97333,5.035],[-75.8725,5.0475],[-75.87972,5.12667],[-75.94944,5.13333]]]},"properties":{"_id":"677d3568c4d29dbb7301a4b4","createdBy":"OPONcQnzWGOLiJSceNaf8pvx1fA2","createdAt":"2025-01-07T14:08:40.024Z","updatedBy":"OPONcQnzWGOLiJSceNaf8pvx1fA2","updatedAt":"2025-01-07T14:10:08.330Z","name":"SKE10 / PEREIRA 1","dataIngestion":true,"type":0,"icaoClass":3,"activity":0,"onDemand":false,"onRequest":false,"byNotam":false,"specialAgreement":false,"requestCompliance":false,"country":"CO","upperLimit":{"value":7500,"unit":1,"referenceDatum":1},"lowerLimit":{"value":0,"unit":1,"referenceDatum":0},"hoursOfOperation":{"operatingHours":[{"dayOfWeek":0,"startTime":"00:00","endTime":"00:00","byNotam":false,"sunrise":false,"sunset":false,"publicHolidaysExcluded":false},{"dayOfWeek":1,"startTime":"00:00","endTime":"00:00","byNotam":false,"sunrise":false,"sunset":false,"publicHolidaysExcluded":false},{"dayOfWeek":2,"startTime":"00:00","endTime":"00:00","byNotam":false,"sunrise":false,"sunset":false,"publicHolidaysExcluded":false},{"dayOfWeek":3,"startTime":"00:00","endTime":"00:00","byNotam":false,"sunrise":false,"sunset":false,"publicHolidaysExcluded":false},{"dayOfWeek":4,"startTime":"00:00","endTime":"00:00","byNotam":false,"sunrise":false,"sunset":false,"publicHolidaysExcluded":false},{"dayOfWeek":5,"startTime":"00:00","endTime":"00:00","byNotam":false,"sunrise":false,"sunset":false,"publicHolidaysExcluded":false},{"dayOfWeek":6,"startTime":"00:00","endTime":"00:00","byNotam":false,"sunrise":false,"sunset":false,"publicHolidaysExcluded":false}]},"deletable":true}},{"type":"Feature","geometry":{"type":"Polygon","coordinates":[[[-75.97333,5.035],[-76.01528,4.93111],[-75.88528,4.94722],[-75.8725,5.0475],[-75.97333,5.035]]]},"properties":{"_id":"677d3568c4d29dbb7301a4b7","createdBy":"OPONcQnzWGOLiJSceNaf8pvx1fA2","createdAt":"2025-01-07T14:08:40.038Z","updatedBy":"eBT9qSrxquPVguazo7MwJzzaf2p1","updatedAt":"2026-04-24T12:22:44.225Z","name":"SKE11  / PEREIRA 2","dataIngestion":true,"type":0,"icaoClass":3,"activity":0,"onDemand":false,"onRequest":false,"byNotam":false,"specialAgreement":false,"requestCompliance":false,"country":"CO","upperLimit":{"value":5500,"unit":1,"referenceDatum":1},"lowerLimit":{"value":0,"unit":1,"referenceDatum":0},"hoursOfOperation":{"operatingHours":[{"dayOfWeek":0,"startTime":"00:00","endTime":"00:00","byNotam":false,"sunrise":false,"sunset":false,"publicHolidaysExcluded":false},{"dayOfWeek":1,"startTime":"00:00","endTime":"00:00","byNotam":false,"sunrise":false,"sunset":false,"publicHolidaysExcluded":false},{"dayOfWeek":2,"startTime":"00:00","endTime":"00:00","byNotam":false,"sunrise":false,"sunset":false,"publicHolidaysExcluded":false},{"dayOfWeek":3,"startTime":"00:00","endTime":"00:00","byNotam":false,"sunrise":false,"sunset":false,"publicHolidaysExcluded":false},{"dayOfWeek":4,"startTime":"00:00","endTime":"00:00","byNotam":false,"sunrise":false,"sunset":false,"publicHolidaysExcluded":false},{"dayOfWeek":5,"startTime":"00:00","endTime":"00:00","byNotam":false,"sunrise":false,"sunset":false,"publicHolidaysExcluded":false},{"dayOfWeek":6,"startTime":"00:00","endTime":"00:00","byNotam":false,"sunrise":false,"sunset":false,"publicHolidaysExcluded":false}]},"deletable":true}},{"type":"Feature","geometry":{"type":"Polygon","coordinates":[[[-76.06944,4.61361],[-76.12833,4.54806],[-76.03333,4.51667],[-75.95639,4.57417],[-76.06944,4.61361]]]},"properties":{"_id":"677d3568c4d29dbb7301a4ba","createdBy":"OPONcQnzWGOLiJSceNaf8pvx1fA2","createdAt":"2025-01-07T14:08:40.057Z","updatedBy":"OPONcQnzWGOLiJSceNaf8pvx1fA2","updatedAt":"2025-01-07T14:10:08.851Z","name":"SKE12 / PEREIRA 3","dataIngestion":true,"type":0,"icaoClass":3,"activity":0,"onDemand":false,"onRequest":false,"byNotam":false,"specialAgreement":false,"requestCompliance":false,"country":"CO","upperLimit":{"value":5500,"unit":1,"referenceDatum":1},"lowerLimit":{"value":0,"unit":1,"referenceDatum":0},"hoursOfOperation":{"operatingHours":[{"dayOfWeek":0,"startTime":"00:00","endTime":"00:00","byNotam":false,"sunrise":false,"sunset":false,"publicHolidaysExcluded":false},{"dayOfWeek":1,"startTime":"00:00","endTime":"00:00","byNotam":false,"sunrise":false,"sunset":false,"publicHolidaysExcluded":false},{"dayOfWeek":2,"startTime":"00:00","endTime":"00:00","byNotam":false,"sunrise":false,"sunset":false,"publicHolidaysExcluded":false},{"dayOfWeek":3,"startTime":"00:00","endTime":"00:00","byNotam":false,"sunrise":false,"sunset":false,"publicHolidaysExcluded":false},{"dayOfWeek":4,"startTime":"00:00","endTime":"00:00","byNotam":false,"sunrise":false,"sunset":false,"publicHolidaysExcluded":false},{"dayOfWeek":5,"startTime":"00:00","endTime":"00:00","byNotam":false,"sunrise":false,"sunset":false,"publicHolidaysExcluded":false},{"dayOfWeek":6,"startTime":"00:00","endTime":"00:00","byNotam":false,"sunrise":false,"sunset":false,"publicHolidaysExcluded":false}]},"deletable":true}},{"type":"Feature","geometry":{"type":"Polygon","coordinates":[[[-76.12833,4.54806],[-76.155,4.41111],[-76.06861,4.395],[-76.03333,4.51667],[-76.12833,4.54806]]]},"properties":{"_id":"677d3568c4d29dbb7301a4bd","createdBy":"OPONcQnzWGOLiJSceNaf8pvx1fA2","createdAt":"2025-01-07T14:08:40.071Z","updatedBy":"OPONcQnzWGOLiJSceNaf8pvx1fA2","updatedAt":"2025-01-07T14:10:08.995Z","name":"SKE13 / PEREIRA 4","dataIngestion":true,"type":0,"icaoClass":3,"activity":0,"onDemand":false,"onRequest":false,"byNotam":false,"specialAgreement":false,"requestCompliance":false,"country":"CO","upperLimit":{"value":7500,"unit":1,"referenceDatum":1},"lowerLimit":{"value":0,"unit":1,"referenceDatum":0},"hoursOfOperation":{"operatingHours":[{"dayOfWeek":0,"startTime":"00:00","endTime":"00:00","byNotam":false,"sunrise":false,"sunset":false,"publicHolidaysExcluded":false},{"dayOfWeek":1,"startTime":"00:00","endTime":"00:00","byNotam":false,"sunrise":false,"sunset":false,"publicHolidaysExcluded":false},{"dayOfWeek":2,"startTime":"00:00","endTime":"00:00","byNotam":false,"sunrise":false,"sunset":false,"publicHolidaysExcluded":false},{"dayOfWeek":3,"startTime":"00:00","endTime":"00:00","byNotam":false,"sunrise":false,"sunset":false,"publicHolidaysExcluded":false},{"dayOfWeek":4,"startTime":"00:00","endTime":"00:00","byNotam":false,"sunrise":false,"sunset":false,"publicHolidaysExcluded":false},{"dayOfWeek":5,"startTime":"00:00","endTime":"00:00","byNotam":false,"sunrise":false,"sunset":false,"publicHolidaysExcluded":false},{"dayOfWeek":6,"startTime":"00:00","endTime":"00:00","byNotam":false,"sunrise":false,"sunset":false,"publicHolidaysExcluded":false}]},"deletable":true}},{"type":"Feature","geometry":{"type":"Polygon","coordinates":[[[-76.26667,3.75],[-76.3,3.56667],[-76.23,3.56667],[-76.19667,3.75],[-76.26667,3.75]]]},"properties":{"_id":"677d3568c4d29dbb7301a4db","createdBy":"OPONcQnzWGOLiJSceNaf8pvx1fA2","createdAt":"2025-01-07T14:08:40.238Z","updatedBy":"OPONcQnzWGOLiJSceNaf8pvx1fA2","updatedAt":"2025-01-07T14:10:10.766Z","name":"SKE15 / PALMIRA","dataIngestion":true,"type":0,"icaoClass":3,"activity":0,"onDemand":false,"onRequest":false,"byNotam":false,"specialAgreement":false,"requestCompliance":false,"country":"CO","upperLimit":{"value":5000,"unit":1,"referenceDatum":1},"lowerLimit":{"value":0,"unit":1,"referenceDatum":0},"hoursOfOperation":{"operatingHours":[{"dayOfWeek":0,"startTime":"00:00","endTime":"00:00","byNotam":false,"sunrise":false,"sunset":false,"publicHolidaysExcluded":false},{"dayOfWeek":1,"startTime":"00:00","endTime":"00:00","byNotam":false,"sunrise":false,"sunset":false,"publicHolidaysExcluded":false},{"dayOfWeek":2,"startTime":"00:00","endTime":"00:00","byNotam":false,"sunrise":false,"sunset":false,"publicHolidaysExcluded":false},{"dayOfWeek":3,"startTime":"00:00","endTime":"00:00","byNotam":false,"sunrise":false,"sunset":false,"publicHolidaysExcluded":false},{"dayOfWeek":4,"startTime":"00:00","endTime":"00:00","byNotam":false,"sunrise":false,"sunset":false,"publicHolidaysExcluded":false},{"dayOfWeek":5,"startTime":"00:00","endTime":"00:00","byNotam":false,"sunrise":false,"sunset":false,"publicHolidaysExcluded":false},{"dayOfWeek":6,"startTime":"00:00","endTime":"00:00","byNotam":false,"sunrise":false,"sunset":false,"publicHolidaysExcluded":false}]},"deletable":true}},{"type":"Feature","geometry":{"type":"Polygon","coordinates":[[[-76.3,3.5],[-76.3,3.41667],[-76.2,3.41667],[-76.2,3.5],[-76.3,3.5]]]},"properties":{"_id":"677d3568c4d29dbb7301a4cf","createdBy":"OPONcQnzWGOLiJSceNaf8pvx1fA2","createdAt":"2025-01-07T14:08:40.179Z","updatedBy":"OPONcQnzWGOLiJSceNaf8pvx1fA2","updatedAt":"2025-01-07T14:10:10.084Z","name":"SKE16 / PRADERA","dataIngestion":true,"type":0,"icaoClass":3,"activity":0,"onDemand":false,"onRequest":false,"byNotam":false,"specialAgreement":false,"requestCompliance":false,"country":"CO","upperLimit":{"value":5000,"unit":1,"referenceDatum":1},"lowerLimit":{"value":0,"unit":1,"referenceDatum":0},"hoursOfOperation":{"operatingHours":[{"dayOfWeek":0,"startTime":"00:00","endTime":"00:00","byNotam":false,"sunrise":false,"sunset":false,"publicHolidaysExcluded":false},{"dayOfWeek":1,"startTime":"00:00","endTime":"00:00","byNotam":false,"sunrise":false,"sunset":false,"publicHolidaysExcluded":false},{"dayOfWeek":2,"startTime":"00:00","endTime":"00:00","byNotam":false,"sunrise":false,"sunset":false,"publicHolidaysExcluded":false},{"dayOfWeek":3,"startTime":"00:00","endTime":"00:00","byNotam":false,"sunrise":false,"sunset":false,"publicHolidaysExcluded":false},{"dayOfWeek":4,"startTime":"00:00","endTime":"00:00","byNotam":false,"sunrise":false,"sunset":false,"publicHolidaysExcluded":false},{"dayOfWeek":5,"startTime":"00:00","endTime":"00:00","byNotam":false,"sunrise":false,"sunset":false,"publicHolidaysExcluded":false},{"dayOfWeek":6,"startTime":"00:00","endTime":"00:00","byNotam":false,"sunrise":false,"sunset":false,"publicHolidaysExcluded":false}]},"deletable":true}},{"type":"Feature","geometry":{"type":"Polygon","coordinates":[[[-76.2,3.41667],[-76.3,3.41667],[-76.3,3.21667],[-76.2,3.21667],[-76.2,3.41667]]]},"properties":{"_id":"677d3568c4d29dbb7301a4cc","createdBy":"OPONcQnzWGOLiJSceNaf8pvx1fA2","createdAt":"2025-01-07T14:08:40.166Z","updatedBy":"OPONcQnzWGOLiJSceNaf8pvx1fA2","updatedAt":"2025-01-07T14:10:09.933Z","name":"SKE17 / FLORIDA","dataIngestion":true,"type":0,"icaoClass":3,"activity":0,"onDemand":false,"onRequest":false,"byNotam":false,"specialAgreement":false,"requestCompliance":false,"country":"CO","upperLimit":{"value":5000,"unit":1,"referenceDatum":1},"lowerLimit":{"value":0,"unit":1,"referenceDatum":0},"hoursOfOperation":{"operatingHours":[{"dayOfWeek":0,"startTime":"00:00","endTime":"00:00","byNotam":false,"sunrise":false,"sunset":false,"publicHolidaysExcluded":false},{"dayOfWeek":1,"startTime":"00:00","endTime":"00:00","byNotam":false,"sunrise":false,"sunset":false,"publicHolidaysExcluded":false},{"dayOfWeek":2,"startTime":"00:00","endTime":"00:00","byNotam":false,"sunrise":false,"sunset":false,"publicHolidaysExcluded":false},{"dayOfWeek":3,"startTime":"00:00","endTime":"00:00","byNotam":false,"sunrise":false,"sunset":false,"publicHolidaysExcluded":false},{"dayOfWeek":4,"startTime":"00:00","endTime":"00:00","byNotam":false,"sunrise":false,"sunset":false,"publicHolidaysExcluded":false},{"dayOfWeek":5,"startTime":"00:00","endTime":"00:00","byNotam":false,"sunrise":false,"sunset":false,"publicHolidaysExcluded":false},{"dayOfWeek":6,"startTime":"00:00","endTime":"00:00","byNotam":false,"sunrise":false,"sunset":false,"publicHolidaysExcluded":false}]},"deletable":true}},{"type":"Feature","geometry":{"type":"Polygon","coordinates":[[[-74.92167,4.08611],[-74.97306,3.96972],[-74.99833,3.86861],[-74.86861,3.86861],[-74.84861,3.92361],[-74.90444,3.91528],[-74.86139,4.03444],[-74.92167,4.08611]]]},"properties":{"_id":"677d3568c4d29dbb7301a4de","createdBy":"OPONcQnzWGOLiJSceNaf8pvx1fA2","createdAt":"2025-01-07T14:08:40.252Z","updatedBy":"OPONcQnzWGOLiJSceNaf8pvx1fA2","updatedAt":"2025-01-07T14:10:10.894Z","name":"SKE19 / GIRARDOT NE","dataIngestion":true,"type":0,"icaoClass":3,"activity":0,"onDemand":false,"onRequest":false,"byNotam":false,"specialAgreement":false,"requestCompliance":false,"country":"CO","upperLimit":{"value":4500,"unit":1,"referenceDatum":1},"lowerLimit":{"value":0,"unit":1,"referenceDatum":0},"hoursOfOperation":{"operatingHours":[{"dayOfWeek":0,"startTime":"00:00","endTime":"00:00","byNotam":false,"sunrise":false,"sunset":false,"publicHolidaysExcluded":false},{"dayOfWeek":1,"startTime":"00:00","endTime":"00:00","byNotam":false,"sunrise":false,"sunset":false,"publicHolidaysExcluded":false},{"dayOfWeek":2,"startTime":"00:00","endTime":"00:00","byNotam":false,"sunrise":false,"sunset":false,"publicHolidaysExcluded":false},{"dayOfWeek":3,"startTime":"00:00","endTime":"00:00","byNotam":false,"sunrise":false,"sunset":false,"publicHolidaysExcluded":false},{"dayOfWeek":4,"startTime":"00:00","endTime":"00:00","byNotam":false,"sunrise":false,"sunset":false,"publicHolidaysExcluded":false},{"dayOfWeek":5,"startTime":"00:00","endTime":"00:00","byNotam":false,"sunrise":false,"sunset":false,"publicHolidaysExcluded":false},{"dayOfWeek":6,"startTime":"00:00","endTime":"00:00","byNotam":false,"sunrise":false,"sunset":false,"publicHolidaysExcluded":false}]},"deletable":true}},{"type":"Feature","geometry":{"type":"Polygon","coordinates":[[[-74.86861,3.86861],[-74.99833,3.86861],[-75.04917,3.66611],[-74.9425,3.66611],[-74.86861,3.86861]]]},"properties":{"_id":"677d3568c4d29dbb7301a4e1","createdBy":"OPONcQnzWGOLiJSceNaf8pvx1fA2","createdAt":"2025-01-07T14:08:40.268Z","updatedBy":"OPONcQnzWGOLiJSceNaf8pvx1fA2","updatedAt":"2025-01-07T14:10:11.039Z","name":"SKE20 / GIRARDOT SE","dataIngestion":true,"type":0,"icaoClass":3,"activity":0,"onDemand":false,"onRequest":false,"byNotam":false,"specialAgreement":false,"requestCompliance":false,"country":"CO","upperLimit":{"value":5500,"unit":1,"referenceDatum":1},"lowerLimit":{"value":0,"unit":1,"referenceDatum":0},"hoursOfOperation":{"operatingHours":[{"dayOfWeek":0,"startTime":"00:00","endTime":"00:00","byNotam":false,"sunrise":false,"sunset":false,"publicHolidaysExcluded":false},{"dayOfWeek":1,"startTime":"00:00","endTime":"00:00","byNotam":false,"sunrise":false,"sunset":false,"publicHolidaysExcluded":false},{"dayOfWeek":2,"startTime":"00:00","endTime":"00:00","byNotam":false,"sunrise":false,"sunset":false,"publicHolidaysExcluded":false},{"dayOfWeek":3,"startTime":"00:00","endTime":"00:00","byNotam":false,"sunrise":false,"sunset":false,"publicHolidaysExcluded":false},{"dayOfWeek":4,"startTime":"00:00","endTime":"00:00","byNotam":false,"sunrise":false,"sunset":false,"publicHolidaysExcluded":false},{"dayOfWeek":5,"startTime":"00:00","endTime":"00:00","byNotam":false,"sunrise":false,"sunset":false,"publicHolidaysExcluded":false},{"dayOfWeek":6,"startTime":"00:00","endTime":"00:00","byNotam":false,"sunrise":false,"sunset":false,"publicHolidaysExcluded":false}]},"deletable":true}},{"type":"Feature","geometry":{"type":"Polygon","coordinates":[[[-75.06556,4.12722],[-75.33417,3.86861],[-75.06722,3.86861],[-75.05028,3.93556],[-75.06556,4.12722]]]},"properties":{"_id":"677d3568c4d29dbb7301a4c9","createdBy":"OPONcQnzWGOLiJSceNaf8pvx1fA2","createdAt":"2025-01-07T14:08:40.150Z","updatedBy":"OPONcQnzWGOLiJSceNaf8pvx1fA2","updatedAt":"2025-01-07T14:10:09.800Z","name":"SKE21 / GIRARDOT NO","dataIngestion":true,"type":0,"icaoClass":3,"activity":0,"onDemand":false,"onRequest":false,"byNotam":false,"specialAgreement":false,"requestCompliance":false,"country":"CO","upperLimit":{"value":4500,"unit":1,"referenceDatum":1},"lowerLimit":{"value":0,"unit":1,"referenceDatum":0},"hoursOfOperation":{"operatingHours":[{"dayOfWeek":0,"startTime":"00:00","endTime":"00:00","byNotam":false,"sunrise":false,"sunset":false,"publicHolidaysExcluded":false},{"dayOfWeek":1,"startTime":"00:00","endTime":"00:00","byNotam":false,"sunrise":false,"sunset":false,"publicHolidaysExcluded":false},{"dayOfWeek":2,"startTime":"00:00","endTime":"00:00","byNotam":false,"sunrise":false,"sunset":false,"publicHolidaysExcluded":false},{"dayOfWeek":3,"startTime":"00:00","endTime":"00:00","byNotam":false,"sunrise":false,"sunset":false,"publicHolidaysExcluded":false},{"dayOfWeek":4,"startTime":"00:00","endTime":"00:00","byNotam":false,"sunrise":false,"sunset":false,"publicHolidaysExcluded":false},{"dayOfWeek":5,"startTime":"00:00","endTime":"00:00","byNotam":false,"sunrise":false,"sunset":false,"publicHolidaysExcluded":false},{"dayOfWeek":6,"startTime":"00:00","endTime":"00:00","byNotam":false,"sunrise":false,"sunset":false,"publicHolidaysExcluded":false}]},"deletable":true}},{"type":"Feature","geometry":{"type":"Polygon","coordinates":[[[-75.06722,3.86861],[-75.33417,3.86861],[-75.38028,3.68556],[-75.11306,3.68556],[-75.06722,3.86861]]]},"properties":{"_id":"677d3568c4d29dbb7301a4e4","createdBy":"OPONcQnzWGOLiJSceNaf8pvx1fA2","createdAt":"2025-01-07T14:08:40.286Z","updatedBy":"OPONcQnzWGOLiJSceNaf8pvx1fA2","updatedAt":"2025-01-07T14:10:11.181Z","name":"SKE22 / GIRARDOT SO","dataIngestion":true,"type":0,"icaoClass":3,"activity":0,"onDemand":false,"onRequest":false,"byNotam":false,"specialAgreement":false,"requestCompliance":false,"country":"CO","upperLimit":{"value":5500,"unit":1,"referenceDatum":1},"lowerLimit":{"value":0,"unit":1,"referenceDatum":0},"hoursOfOperation":{"operatingHours":[{"dayOfWeek":0,"startTime":"00:00","endTime":"00:00","byNotam":false,"sunrise":false,"sunset":false,"publicHolidaysExcluded":false},{"dayOfWeek":1,"startTime":"00:00","endTime":"00:00","byNotam":false,"sunrise":false,"sunset":false,"publicHolidaysExcluded":false},{"dayOfWeek":2,"startTime":"00:00","endTime":"00:00","byNotam":false,"sunrise":false,"sunset":false,"publicHolidaysExcluded":false},{"dayOfWeek":3,"startTime":"00:00","endTime":"00:00","byNotam":false,"sunrise":false,"sunset":false,"publicHolidaysExcluded":false},{"dayOfWeek":4,"startTime":"00:00","endTime":"00:00","byNotam":false,"sunrise":false,"sunset":false,"publicHolidaysExcluded":false},{"dayOfWeek":5,"startTime":"00:00","endTime":"00:00","byNotam":false,"sunrise":false,"sunset":false,"publicHolidaysExcluded":false},{"dayOfWeek":6,"startTime":"00:00","endTime":"00:00","byNotam":false,"sunrise":false,"sunset":false,"publicHolidaysExcluded":false}]},"deletable":true}},{"type":"Feature","geometry":{"type":"Polygon","coordinates":[[[-73.9704,4.9834],[-74.0124,4.7621],[-73.95261,4.77189],[-73.91949,4.92194],[-73.96445,4.9388],[-73.96835,4.9848],[-73.9704,4.9834]]]},"properties":{"_id":"677d3568c4d29dbb7301a4e7","createdBy":"OPONcQnzWGOLiJSceNaf8pvx1fA2","createdAt":"2025-01-07T14:08:40.314Z","updatedBy":"OPONcQnzWGOLiJSceNaf8pvx1fA2","updatedAt":"2025-01-07T14:10:11.304Z","name":"SKE23 / GUAYMARAL SUR","dataIngestion":true,"type":0,"icaoClass":3,"activity":0,"onDemand":false,"onRequest":false,"byNotam":false,"specialAgreement":false,"requestCompliance":false,"country":"CO","upperLimit":{"value":11000,"unit":1,"referenceDatum":1},"lowerLimit":{"value":0,"unit":1,"referenceDatum":0},"hoursOfOperation":{"operatingHours":[{"dayOfWeek":0,"startTime":"00:00","endTime":"00:00","byNotam":false,"sunrise":false,"sunset":false,"publicHolidaysExcluded":false},{"dayOfWeek":1,"startTime":"00:00","endTime":"00:00","byNotam":false,"sunrise":false,"sunset":false,"publicHolidaysExcluded":false},{"dayOfWeek":2,"startTime":"00:00","endTime":"00:00","byNotam":false,"sunrise":false,"sunset":false,"publicHolidaysExcluded":false},{"dayOfWeek":3,"startTime":"00:00","endTime":"00:00","byNotam":false,"sunrise":false,"sunset":false,"publicHolidaysExcluded":false},{"dayOfWeek":4,"startTime":"00:00","endTime":"00:00","byNotam":false,"sunrise":false,"sunset":false,"publicHolidaysExcluded":false},{"dayOfWeek":5,"startTime":"00:00","endTime":"00:00","byNotam":false,"sunrise":false,"sunset":false,"publicHolidaysExcluded":false},{"dayOfWeek":6,"startTime":"00:00","endTime":"00:00","byNotam":false,"sunrise":false,"sunset":false,"publicHolidaysExcluded":false}]},"deletable":true}},{"type":"Feature","geometry":{"type":"Polygon","coordinates":[[[-73.7919,5.1187],[-73.96835,4.9848],[-73.96445,4.9388],[-73.91949,4.92222],[-73.74907,5.07859],[-73.7919,5.1187]]]},"properties":{"_id":"677d3568c4d29dbb7301a4ea","createdBy":"OPONcQnzWGOLiJSceNaf8pvx1fA2","createdAt":"2025-01-07T14:08:40.330Z","updatedBy":"OPONcQnzWGOLiJSceNaf8pvx1fA2","updatedAt":"2025-01-07T14:10:11.462Z","name":"SKE24 / GUAYMARAL CENTRO","dataIngestion":true,"type":0,"icaoClass":3,"activity":0,"onDemand":false,"onRequest":false,"byNotam":false,"specialAgreement":false,"requestCompliance":false,"country":"CO","upperLimit":{"value":11000,"unit":1,"referenceDatum":1},"lowerLimit":{"value":0,"unit":1,"referenceDatum":0},"hoursOfOperation":{"operatingHours":[{"dayOfWeek":0,"startTime":"00:00","endTime":"00:00","byNotam":false,"sunrise":false,"sunset":false,"publicHolidaysExcluded":false},{"dayOfWeek":1,"startTime":"00:00","endTime":"00:00","byNotam":false,"sunrise":false,"sunset":false,"publicHolidaysExcluded":false},{"dayOfWeek":2,"startTime":"00:00","endTime":"00:00","byNotam":false,"sunrise":false,"sunset":false,"publicHolidaysExcluded":false},{"dayOfWeek":3,"startTime":"00:00","endTime":"00:00","byNotam":false,"sunrise":false,"sunset":false,"publicHolidaysExcluded":false},{"dayOfWeek":4,"startTime":"00:00","endTime":"00:00","byNotam":false,"sunrise":false,"sunset":false,"publicHolidaysExcluded":false},{"dayOfWeek":5,"startTime":"00:00","endTime":"00:00","byNotam":false,"sunrise":false,"sunset":false,"publicHolidaysExcluded":false},{"dayOfWeek":6,"startTime":"00:00","endTime":"00:00","byNotam":false,"sunrise":false,"sunset":false,"publicHolidaysExcluded":false}]},"deletable":true}},{"type":"Feature","geometry":{"type":"Polygon","coordinates":[[[-73.8594,5.1892],[-74.0162,5.0744],[-74.02032,5.0277],[-73.9704,4.9834],[-73.7919,5.1187],[-73.8594,5.1892]]]},"properties":{"_id":"677d3568c4d29dbb7301a4ed","createdBy":"OPONcQnzWGOLiJSceNaf8pvx1fA2","createdAt":"2025-01-07T14:08:40.346Z","updatedBy":"OPONcQnzWGOLiJSceNaf8pvx1fA2","updatedAt":"2025-01-07T14:10:11.642Z","name":"SKE25 / GUAYMARAL NORTE","dataIngestion":true,"type":0,"icaoClass":3,"activity":0,"onDemand":false,"onRequest":false,"byNotam":false,"specialAgreement":false,"requestCompliance":false,"country":"CO","upperLimit":{"value":11000,"unit":1,"referenceDatum":1},"lowerLimit":{"value":0,"unit":1,"referenceDatum":0},"hoursOfOperation":{"operatingHours":[{"dayOfWeek":0,"startTime":"00:00","endTime":"00:00","byNotam":false,"sunrise":false,"sunset":false,"publicHolidaysExcluded":false},{"dayOfWeek":1,"startTime":"00:00","endTime":"00:00","byNotam":false,"sunrise":false,"sunset":false,"publicHolidaysExcluded":false},{"dayOfWeek":2,"startTime":"00:00","endTime":"00:00","byNotam":false,"sunrise":false,"sunset":false,"publicHolidaysExcluded":false},{"dayOfWeek":3,"startTime":"00:00","endTime":"00:00","byNotam":false,"sunrise":false,"sunset":false,"publicHolidaysExcluded":false},{"dayOfWeek":4,"startTime":"00:00","endTime":"00:00","byNotam":false,"sunrise":false,"sunset":false,"publicHolidaysExcluded":false},{"dayOfWeek":5,"startTime":"00:00","endTime":"00:00","byNotam":false,"sunrise":false,"sunset":false,"publicHolidaysExcluded":false},{"dayOfWeek":6,"startTime":"00:00","endTime":"00:00","byNotam":false,"sunrise":false,"sunset":false,"publicHolidaysExcluded":false}]},"deletable":true}},{"type":"Feature","geometry":{"type":"Polygon","coordinates":[[[-74.90972,4.70972],[-74.85278,4.55333],[-74.76917,4.57944],[-74.83,4.70944],[-74.90972,4.70972]]]},"properties":{"_id":"677d3568c4d29dbb7301a4f0","createdBy":"OPONcQnzWGOLiJSceNaf8pvx1fA2","createdAt":"2025-01-07T14:08:40.361Z","updatedBy":"OPONcQnzWGOLiJSceNaf8pvx1fA2","updatedAt":"2025-01-07T14:10:11.769Z","name":"SKE26 / LOS ALPES","dataIngestion":true,"type":0,"icaoClass":3,"activity":0,"onDemand":false,"onRequest":false,"byNotam":false,"specialAgreement":false,"requestCompliance":false,"country":"CO","upperLimit":{"value":4500,"unit":1,"referenceDatum":1},"lowerLimit":{"value":0,"unit":1,"referenceDatum":0},"hoursOfOperation":{"operatingHours":[{"dayOfWeek":0,"startTime":"00:00","endTime":"00:00","byNotam":false,"sunrise":false,"sunset":false,"publicHolidaysExcluded":false},{"dayOfWeek":1,"startTime":"00:00","endTime":"00:00","byNotam":false,"sunrise":false,"sunset":false,"publicHolidaysExcluded":false},{"dayOfWeek":2,"startTime":"00:00","endTime":"00:00","byNotam":false,"sunrise":false,"sunset":false,"publicHolidaysExcluded":false},{"dayOfWeek":3,"startTime":"00:00","endTime":"00:00","byNotam":false,"sunrise":false,"sunset":false,"publicHolidaysExcluded":false},{"dayOfWeek":4,"startTime":"00:00","endTime":"00:00","byNotam":false,"sunrise":false,"sunset":false,"publicHolidaysExcluded":false},{"dayOfWeek":5,"startTime":"00:00","endTime":"00:00","byNotam":false,"sunrise":false,"sunset":false,"publicHolidaysExcluded":false},{"dayOfWeek":6,"startTime":"00:00","endTime":"00:00","byNotam":false,"sunrise":false,"sunset":false,"publicHolidaysExcluded":false}]},"deletable":true}},{"type":"Feature","geometry":{"type":"Polygon","coordinates":[[[-74.95056,4.54889],[-75.01306,4.48556],[-74.92056,4.48556],[-74.88583,4.50306],[-74.87222,4.52444],[-74.95056,4.54889]]]},"properties":{"_id":"677d3568c4d29dbb7301a4f3","createdBy":"OPONcQnzWGOLiJSceNaf8pvx1fA2","createdAt":"2025-01-07T14:08:40.377Z","updatedBy":"OPONcQnzWGOLiJSceNaf8pvx1fA2","updatedAt":"2025-01-07T14:10:11.911Z","name":"SKE27 / ALVARADO","dataIngestion":true,"type":0,"icaoClass":3,"activity":0,"onDemand":false,"onRequest":false,"byNotam":false,"specialAgreement":false,"requestCompliance":false,"country":"CO","upperLimit":{"value":4500,"unit":1,"referenceDatum":1},"lowerLimit":{"value":0,"unit":1,"referenceDatum":0},"hoursOfOperation":{"operatingHours":[{"dayOfWeek":0,"startTime":"00:00","endTime":"00:00","byNotam":false,"sunrise":false,"sunset":false,"publicHolidaysExcluded":false},{"dayOfWeek":1,"startTime":"00:00","endTime":"00:00","byNotam":false,"sunrise":false,"sunset":false,"publicHolidaysExcluded":false},{"dayOfWeek":2,"startTime":"00:00","endTime":"00:00","byNotam":false,"sunrise":false,"sunset":false,"publicHolidaysExcluded":false},{"dayOfWeek":3,"startTime":"00:00","endTime":"00:00","byNotam":false,"sunrise":false,"sunset":false,"publicHolidaysExcluded":false},{"dayOfWeek":4,"startTime":"00:00","endTime":"00:00","byNotam":false,"sunrise":false,"sunset":false,"publicHolidaysExcluded":false},{"dayOfWeek":5,"startTime":"00:00","endTime":"00:00","byNotam":false,"sunrise":false,"sunset":false,"publicHolidaysExcluded":false},{"dayOfWeek":6,"startTime":"00:00","endTime":"00:00","byNotam":false,"sunrise":false,"sunset":false,"publicHolidaysExcluded":false}]},"deletable":true}},{"type":"Feature","geometry":{"type":"Polygon","coordinates":[[[-75.19944,4.36],[-75.23417,4.29444],[-75.19639,4.27361],[-75.14389,4.33306],[-75.19944,4.36]]]},"properties":{"_id":"677d3568c4d29dbb7301a4f6","createdBy":"OPONcQnzWGOLiJSceNaf8pvx1fA2","createdAt":"2025-01-07T14:08:40.392Z","updatedBy":"OPONcQnzWGOLiJSceNaf8pvx1fA2","updatedAt":"2025-01-07T14:10:12.042Z","name":"SKE28 / EL TOTUMO","dataIngestion":true,"type":0,"icaoClass":3,"activity":0,"onDemand":false,"onRequest":false,"byNotam":false,"specialAgreement":false,"requestCompliance":false,"country":"CO","upperLimit":{"value":4500,"unit":1,"referenceDatum":1},"lowerLimit":{"value":0,"unit":1,"referenceDatum":0},"hoursOfOperation":{"operatingHours":[{"dayOfWeek":0,"startTime":"00:00","endTime":"00:00","byNotam":false,"sunrise":false,"sunset":false,"publicHolidaysExcluded":false},{"dayOfWeek":1,"startTime":"00:00","endTime":"00:00","byNotam":false,"sunrise":false,"sunset":false,"publicHolidaysExcluded":false},{"dayOfWeek":2,"startTime":"00:00","endTime":"00:00","byNotam":false,"sunrise":false,"sunset":false,"publicHolidaysExcluded":false},{"dayOfWeek":3,"startTime":"00:00","endTime":"00:00","byNotam":false,"sunrise":false,"sunset":false,"publicHolidaysExcluded":false},{"dayOfWeek":4,"startTime":"00:00","endTime":"00:00","byNotam":false,"sunrise":false,"sunset":false,"publicHolidaysExcluded":false},{"dayOfWeek":5,"startTime":"00:00","endTime":"00:00","byNotam":false,"sunrise":false,"sunset":false,"publicHolidaysExcluded":false},{"dayOfWeek":6,"startTime":"00:00","endTime":"00:00","byNotam":false,"sunrise":false,"sunset":false,"publicHolidaysExcluded":false}]},"deletable":true}},{"type":"Feature","geometry":{"type":"Polygon","coordinates":[[[-75.11111,4.29278],[-75.15556,4.20389],[-75.08889,4.15389],[-75.05667,4.24056],[-75.11111,4.29278]]]},"properties":{"_id":"677d3568c4d29dbb7301a4f9","createdBy":"OPONcQnzWGOLiJSceNaf8pvx1fA2","createdAt":"2025-01-07T14:08:40.406Z","updatedBy":"OPONcQnzWGOLiJSceNaf8pvx1fA2","updatedAt":"2025-01-07T14:10:12.193Z","name":"SKE29 / SAN JUAN","dataIngestion":true,"type":0,"icaoClass":3,"activity":0,"onDemand":false,"onRequest":false,"byNotam":false,"specialAgreement":false,"requestCompliance":false,"country":"CO","upperLimit":{"value":4500,"unit":1,"referenceDatum":1},"lowerLimit":{"value":0,"unit":1,"referenceDatum":0},"hoursOfOperation":{"operatingHours":[{"dayOfWeek":0,"startTime":"00:00","endTime":"00:00","byNotam":false,"sunrise":false,"sunset":false,"publicHolidaysExcluded":false},{"dayOfWeek":1,"startTime":"00:00","endTime":"00:00","byNotam":false,"sunrise":false,"sunset":false,"publicHolidaysExcluded":false},{"dayOfWeek":2,"startTime":"00:00","endTime":"00:00","byNotam":false,"sunrise":false,"sunset":false,"publicHolidaysExcluded":false},{"dayOfWeek":3,"startTime":"00:00","endTime":"00:00","byNotam":false,"sunrise":false,"sunset":false,"publicHolidaysExcluded":false},{"dayOfWeek":4,"startTime":"00:00","endTime":"00:00","byNotam":false,"sunrise":false,"sunset":false,"publicHolidaysExcluded":false},{"dayOfWeek":5,"startTime":"00:00","endTime":"00:00","byNotam":false,"sunrise":false,"sunset":false,"publicHolidaysExcluded":false},{"dayOfWeek":6,"startTime":"00:00","endTime":"00:00","byNotam":false,"sunrise":false,"sunset":false,"publicHolidaysExcluded":false}]},"deletable":true}},{"type":"Feature","geometry":{"type":"Polygon","coordinates":[[[-75.15972,10.81083],[-75.35944,10.82139],[-75.36087290902312,10.811482613126778],[-75.36110736379048,10.790877343507823],[-75.36046328163165,10.770280502805567],[-75.35894197223081,10.749728216784012],[-75.35654628194683,10.729256525707921],[-75.35328058758726,10.708901321249355],[-75.34915078752839,10.688698283704444],[-75.34416429020531,10.668682819628952],[-75.33833,10.64889],[-75.14694,10.7075],[-75.15043532219055,10.719368678138968],[-75.15342200587352,10.731370730508512],[-75.1558947546047,10.743485116571001],[-75.15784917112792,10.755690596344664],[-75.15928176549805,10.76796576757155],[-75.16018996162771,10.780289103187178],[-75.16057210224336,10.792638989026653],[-75.160427452239,10.80499376170168],[-75.15972,10.81083]]]},"properties":{"_id":"677d3568c4d29dbb7301a4d2","createdBy":"OPONcQnzWGOLiJSceNaf8pvx1fA2","createdAt":"2025-01-07T14:08:40.191Z","updatedBy":"OPONcQnzWGOLiJSceNaf8pvx1fA2","updatedAt":"2025-01-07T14:10:10.225Z","name":"SKE3","dataIngestion":true,"type":0,"icaoClass":3,"activity":0,"onDemand":false,"onRequest":false,"byNotam":false,"specialAgreement":false,"requestCompliance":false,"country":"CO","upperLimit":{"value":3500,"unit":1,"referenceDatum":1},"lowerLimit":{"value":500,"unit":1,"referenceDatum":1},"hoursOfOperation":{"operatingHours":[{"dayOfWeek":0,"startTime":"00:00","endTime":"00:00","byNotam":false,"sunrise":false,"sunset":false,"publicHolidaysExcluded":false},{"dayOfWeek":1,"startTime":"00:00","endTime":"00:00","byNotam":false,"sunrise":false,"sunset":false,"publicHolidaysExcluded":false},{"dayOfWeek":2,"startTime":"00:00","endTime":"00:00","byNotam":false,"sunrise":false,"sunset":false,"publicHolidaysExcluded":false},{"dayOfWeek":3,"startTime":"00:00","endTime":"00:00","byNotam":false,"sunrise":false,"sunset":false,"publicHolidaysExcluded":false},{"dayOfWeek":4,"startTime":"00:00","endTime":"00:00","byNotam":false,"sunrise":false,"sunset":false,"publicHolidaysExcluded":false},{"dayOfWeek":5,"startTime":"00:00","endTime":"00:00","byNotam":false,"sunrise":false,"sunset":false,"publicHolidaysExcluded":false},{"dayOfWeek":6,"startTime":"00:00","endTime":"00:00","byNotam":false,"sunrise":false,"sunset":false,"publicHolidaysExcluded":false}]},"deletable":true}},{"type":"Feature","geometry":{"type":"Polygon","coordinates":[[[-75.87501,4.37474],[-75.88557,4.30587],[-75.79953,4.30466],[-75.80825,4.37379],[-75.87501,4.37474]]]},"properties":{"_id":"677d3568c4d29dbb7301a4fc","createdBy":"OPONcQnzWGOLiJSceNaf8pvx1fA2","createdAt":"2025-01-07T14:08:40.420Z","updatedBy":"OPONcQnzWGOLiJSceNaf8pvx1fA2","updatedAt":"2025-01-07T14:10:12.322Z","name":"SKE37 / ARMENIA","dataIngestion":true,"type":0,"icaoClass":3,"activity":0,"onDemand":false,"onRequest":false,"byNotam":false,"specialAgreement":false,"requestCompliance":false,"country":"CO","upperLimit":{"value":5500,"unit":1,"referenceDatum":1},"lowerLimit":{"value":0,"unit":1,"referenceDatum":0},"hoursOfOperation":{"operatingHours":[{"dayOfWeek":0,"startTime":"00:00","endTime":"00:00","byNotam":false,"sunrise":false,"sunset":false,"publicHolidaysExcluded":false},{"dayOfWeek":1,"startTime":"00:00","endTime":"00:00","byNotam":false,"sunrise":false,"sunset":false,"publicHolidaysExcluded":false},{"dayOfWeek":2,"startTime":"00:00","endTime":"00:00","byNotam":false,"sunrise":false,"sunset":false,"publicHolidaysExcluded":false},{"dayOfWeek":3,"startTime":"00:00","endTime":"00:00","byNotam":false,"sunrise":false,"sunset":false,"publicHolidaysExcluded":false},{"dayOfWeek":4,"startTime":"00:00","endTime":"00:00","byNotam":false,"sunrise":false,"sunset":false,"publicHolidaysExcluded":false},{"dayOfWeek":5,"startTime":"00:00","endTime":"00:00","byNotam":false,"sunrise":false,"sunset":false,"publicHolidaysExcluded":false},{"dayOfWeek":6,"startTime":"00:00","endTime":"00:00","byNotam":false,"sunrise":false,"sunset":false,"publicHolidaysExcluded":false}]},"deletable":true}},{"type":"Feature","geometry":{"type":"Polygon","coordinates":[[[-75.95083,9.33688706568089],[-75.9543641012513,9.33681400019937],[-75.95789199806214,9.336594932028305],[-75.961407496908,9.336230245762527],[-75.96490442607703,9.335720581641528],[-75.96837664652789,9.33506683442303],[-75.97181806268969,9.334270151808774],[-75.97522263318477,9.333331932425345],[-75.97858438145539,9.332253823363594],[-75.98189740627528,9.331037717281003],[-75.98515589212771,9.32968574907223],[-75.98835411943139,9.32820029211359],[-75.99148647459643,9.326583954088289],[-75.99454745989213,9.324839572399696],[-75.99753170310974,9.322970209180843],[-76.00043396700238,9.320979145909003],[-76.00324915848616,9.31886987763485],[-76.00597233758575,9.31664610683646],[-76.00859872610899,9.314311736909044],[-76.01112371603492,9.311870865301897],[-76.01354287760088,9.30932777631475],[-76.01585196707413,9.306686933566274],[-76.01804693419439,9.303952972148016],[-76.02012392927467,9.301130690477697],[-76.02207930994733,9.298225041866234],[-76.02390964754409,9.295241125813378],[-76.02561173309867,9.292184179047391],[-76.02718258296166,9.289059566324525],[-76.02861944401786,9.285872771004566],[-76.02991979849706,9.282629385419064],[-76.03108136836997,9.279335101049234],[-76.03210211932173,9.27599569853083],[-76.03298026429627,9.272617037503597],[-76.03371426660527,9.269205046323185],[-76.03430284259674,9.26576571165362],[-76.03474496387845,9.262305067958637],[-76.03503985909279,9.258829186910376],[-76.03518701523981,9.255344166734004],[-76.03518617854677,9.251856121507041],[-76.03503735488246,9.248371170432137],[-76.03474080971604,9.24489542710211],[-76.03429706762057,9.241434988776145],[-76.03370691132255,9.23799592568587],[-76.03297138029885,9.234584270390094],[-76.0320917689243,9.231206007196867],[-76.0310696241729,9.22786706167133],[-76.02990674287726,9.224573290247765],[-76.02860516855088,9.221330469963988],[-76.02716718777941,9.218144288336047],[-76.02559532618706,9.215020333390893],[-76.02389234398561,9.211964083874493],[-76.0220612311138,9.208980899652405],[-76.02010520197594,9.206076012319631],[-76.01802768978885,9.203254516036118],[-76.0158323405473,9.20052135860386],[-76.01352300661871,9.1978813328012],[-76.011103739978,9.19533906798941],[-76.008578785095,9.192899022006157],[-76.00595257148662,9.190565473360016],[-76.00322970594694,9.188342513739576],[-76.00041496446875,9.186234040850218],[-75.99751328387096,9.184243751590955],[-75.99452975314608,9.182375135583314],[-75.9914696045434,9.1806314690634],[-75.98833820440291,9.179015809147845],[-75.98514104375649,9.177530988483548],[-75.98188372871222,9.176179610290548],[-75.97857197063897,9.174964043806622],[-75.97521157616819,9.173886420141505],[-75.97180843703019,9.172948628547966],[-75.96836851974278,9.172152313116197],[-75.96489785517002,9.171498869897253],[-75.96140252796943,9.170989444460528],[-75.95788866594563,9.17062492988954],[-75.95436242932938,9.170405965219452],[-75.95083,9.170332934319108],[-75.94729757067061,9.170405965219452],[-75.94377133405436,9.17062492988954],[-75.94025747203057,9.170989444460528],[-75.93676214482997,9.171498869897253],[-75.93329148025721,9.172152313116197],[-75.9298515629698,9.172948628547966],[-75.9264484238318,9.173886420141505],[-75.92308802936101,9.174964043806622],[-75.91977627128777,9.176179610290548],[-75.91651895624351,9.177530988483548],[-75.91332179559708,9.179015809147845],[-75.9101903954566,9.1806314690634],[-75.90713024685391,9.182375135583314],[-75.90414671612903,9.184243751590955],[-75.90124503553125,9.186234040850218],[-75.89843029405306,9.188342513739576],[-75.89570742851338,9.190565473360016],[-75.893081214905,9.192899022006157],[-75.890556260022,9.19533906798941],[-75.88813699338128,9.1978813328012],[-75.88582765945269,9.20052135860386],[-75.88363231021114,9.203254516036118],[-75.88155479802406,9.206076012319631],[-75.8795987688862,9.208980899652405],[-75.87776765601438,9.211964083874493],[-75.87606467381293,9.215020333390893],[-75.87449281222058,9.218144288336047],[-75.87305483144911,9.221330469963988],[-75.87175325712273,9.224573290247765],[-75.87059037582709,9.22786706167133],[-75.86956823107569,9.231206007196867],[-75.86868861970113,9.234584270390094],[-75.86795308867744,9.23799592568587],[-75.86736293237941,9.241434988776145],[-75.86691919028395,9.24489542710211],[-75.86662264511753,9.248371170432137],[-75.86647382145323,9.251856121507041],[-75.86647298476018,9.255344166734004],[-75.8666201409072,9.258829186910376],[-75.86691503612154,9.262305067958637],[-75.86735715740325,9.26576571165362],[-75.86794573339472,9.269205046323185],[-75.86867973570372,9.272617037503597],[-75.86955788067826,9.27599569853083],[-75.87057863163002,9.279335101049234],[-75.87174020150293,9.282629385419064],[-75.87304055598213,9.285872771004566],[-75.87447741703832,9.289059566324525],[-75.87604826690132,9.292184179047391],[-75.8777503524559,9.295241125813378],[-75.87958069005265,9.298225041866234],[-75.88153607072532,9.301130690477697],[-75.8836130658056,9.303952972148016],[-75.88580803292587,9.306686933566274],[-75.88811712239911,9.30932777631475],[-75.89053628396508,9.311870865301897],[-75.89306127389102,9.314311736909044],[-75.89568766241425,9.31664610683646],[-75.89841084151384,9.31886987763485],[-75.90122603299761,9.320979145909003],[-75.90412829689025,9.322970209180843],[-75.90711254010786,9.324839572399696],[-75.91017352540356,9.326583954088289],[-75.9133058805686,9.32820029211359],[-75.91650410787229,9.32968574907223],[-75.91976259372471,9.331037717281003],[-75.9230756185446,9.332253823363594],[-75.92643736681522,9.333331932425345],[-75.9298419373103,9.334270151808774],[-75.9332833534721,9.33506683442303],[-75.93675557392297,9.335720581641528],[-75.94025250309198,9.336230245762527],[-75.94376800193787,9.336594932028305],[-75.94729589874869,9.33681400019937],[-75.95083,9.33688706568089]]]},"properties":{"_id":"677d3568c4d29dbb7301a4d5","createdBy":"OPONcQnzWGOLiJSceNaf8pvx1fA2","createdAt":"2025-01-07T14:08:40.205Z","updatedBy":"OPONcQnzWGOLiJSceNaf8pvx1fA2","updatedAt":"2025-01-07T14:10:10.437Z","name":"SKE4","dataIngestion":true,"type":0,"icaoClass":3,"activity":0,"onDemand":false,"onRequest":false,"byNotam":false,"specialAgreement":false,"requestCompliance":false,"country":"CO","upperLimit":{"value":3500,"unit":1,"referenceDatum":1},"lowerLimit":{"value":500,"unit":1,"referenceDatum":1},"hoursOfOperation":{"operatingHours":[{"dayOfWeek":0,"startTime":"00:00","endTime":"00:00","byNotam":false,"sunrise":false,"sunset":false,"publicHolidaysExcluded":false},{"dayOfWeek":1,"startTime":"00:00","endTime":"00:00","byNotam":false,"sunrise":false,"sunset":false,"publicHolidaysExcluded":false},{"dayOfWeek":2,"startTime":"00:00","endTime":"00:00","byNotam":false,"sunrise":false,"sunset":false,"publicHolidaysExcluded":false},{"dayOfWeek":3,"startTime":"00:00","endTime":"00:00","byNotam":false,"sunrise":false,"sunset":false,"publicHolidaysExcluded":false},{"dayOfWeek":4,"startTime":"00:00","endTime":"00:00","byNotam":false,"sunrise":false,"sunset":false,"publicHolidaysExcluded":false},{"dayOfWeek":5,"startTime":"00:00","endTime":"00:00","byNotam":false,"sunrise":false,"sunset":false,"publicHolidaysExcluded":false},{"dayOfWeek":6,"startTime":"00:00","endTime":"00:00","byNotam":false,"sunrise":false,"sunset":false,"publicHolidaysExcluded":false}]},"deletable":true}},{"type":"Feature","geometry":{"type":"Polygon","coordinates":[[[-76.14415,4.34951],[-76.19832,4.264],[-76.1159,4.264],[-76.07743,4.32011],[-76.14415,4.34951]]]},"properties":{"_id":"677d3568c4d29dbb7301a52c","createdBy":"OPONcQnzWGOLiJSceNaf8pvx1fA2","createdAt":"2025-01-07T14:08:40.679Z","updatedBy":"OPONcQnzWGOLiJSceNaf8pvx1fA2","updatedAt":"2025-01-07T14:10:15.714Z","name":"SKE41","dataIngestion":true,"type":0,"icaoClass":3,"activity":0,"onDemand":false,"onRequest":false,"byNotam":false,"specialAgreement":false,"requestCompliance":false,"country":"CO","upperLimit":{"value":6500,"unit":1,"referenceDatum":1},"lowerLimit":{"value":0,"unit":1,"referenceDatum":0},"hoursOfOperation":{"operatingHours":[{"dayOfWeek":0,"startTime":"00:00","endTime":"00:00","byNotam":false,"sunrise":false,"sunset":false,"publicHolidaysExcluded":false},{"dayOfWeek":1,"startTime":"00:00","endTime":"00:00","byNotam":false,"sunrise":false,"sunset":false,"publicHolidaysExcluded":false},{"dayOfWeek":2,"startTime":"00:00","endTime":"00:00","byNotam":false,"sunrise":false,"sunset":false,"publicHolidaysExcluded":false},{"dayOfWeek":3,"startTime":"00:00","endTime":"00:00","byNotam":false,"sunrise":false,"sunset":false,"publicHolidaysExcluded":false},{"dayOfWeek":4,"startTime":"00:00","endTime":"00:00","byNotam":false,"sunrise":false,"sunset":false,"publicHolidaysExcluded":false},{"dayOfWeek":5,"startTime":"00:00","endTime":"00:00","byNotam":false,"sunrise":false,"sunset":false,"publicHolidaysExcluded":false},{"dayOfWeek":6,"startTime":"00:00","endTime":"00:00","byNotam":false,"sunrise":false,"sunset":false,"publicHolidaysExcluded":false}]},"deletable":true}},{"type":"Feature","geometry":{"type":"Polygon","coordinates":[[[-76.1159,4.264],[-76.19832,4.264],[-76.2349,4.20629],[-76.17548,4.17691],[-76.1159,4.264]]]},"properties":{"_id":"677d3568c4d29dbb7301a4b1","createdBy":"OPONcQnzWGOLiJSceNaf8pvx1fA2","createdAt":"2025-01-07T14:08:40.010Z","updatedBy":"OPONcQnzWGOLiJSceNaf8pvx1fA2","updatedAt":"2025-01-07T14:10:08.169Z","name":"SKE42","dataIngestion":true,"type":0,"icaoClass":3,"activity":0,"onDemand":false,"onRequest":false,"byNotam":false,"specialAgreement":false,"requestCompliance":false,"country":"CO","upperLimit":{"value":6500,"unit":1,"referenceDatum":1},"lowerLimit":{"value":0,"unit":1,"referenceDatum":0},"hoursOfOperation":{"operatingHours":[{"dayOfWeek":0,"startTime":"00:00","endTime":"00:00","byNotam":false,"sunrise":false,"sunset":false,"publicHolidaysExcluded":false},{"dayOfWeek":1,"startTime":"00:00","endTime":"00:00","byNotam":false,"sunrise":false,"sunset":false,"publicHolidaysExcluded":false},{"dayOfWeek":2,"startTime":"00:00","endTime":"00:00","byNotam":false,"sunrise":false,"sunset":false,"publicHolidaysExcluded":false},{"dayOfWeek":3,"startTime":"00:00","endTime":"00:00","byNotam":false,"sunrise":false,"sunset":false,"publicHolidaysExcluded":false},{"dayOfWeek":4,"startTime":"00:00","endTime":"00:00","byNotam":false,"sunrise":false,"sunset":false,"publicHolidaysExcluded":false},{"dayOfWeek":5,"startTime":"00:00","endTime":"00:00","byNotam":false,"sunrise":false,"sunset":false,"publicHolidaysExcluded":false},{"dayOfWeek":6,"startTime":"00:00","endTime":"00:00","byNotam":false,"sunrise":false,"sunset":false,"publicHolidaysExcluded":false}]},"deletable":true}},{"type":"Feature","geometry":{"type":"Polygon","coordinates":[[[-74.05009,7.163867065680892],[-74.05360471726713,7.16379400430948],[-74.0571132651642,7.163574948439907],[-74.06060948516809,7.163210282580657],[-74.06408724043052,7.162700646827995],[-74.0675404265674,7.162046935740538],[-74.07096298239082,7.161250296766441],[-74.07434890056457,7.160312128225997],[-74.07769223816435,7.159234076853213],[-74.08098712712395,7.1580180349007],[-74.08422778454913,7.156666136813021],[-74.0874085228806,7.15518075547438],[-74.09052375988854,7.153564498037272],[-74.09356802848072,7.151820201339504],[-74.09653598630707,7.149950926917663],[-74.0994224251437,7.147959955625878],[-74.10222228003973,7.145850781869355],[-74.10493063821106,7.143627107462916],[-74.10754274766516,7.141292835125381],[-74.11005402554191,7.138852061621265],[-74.11246006615558,7.136309070561946],[-74.11475664872417,7.13366832487899],[-74.11693974477232,7.130934458982915],[-74.11900552519472,7.128112270621267],[-74.12095036696805,7.125206712450343],[-74.12277085949924,7.122222883335428],[-74.12446381059942,7.119166019394912],[-74.12602625207268,7.116041484804058],[-74.12745544491047,7.1128547623746154],[-74.1287488840821,7.109611443926896],[-74.12990430291332,7.106317220471258],[-74.13091967704538,7.102977872216281],[-74.13179322796779,7.099599258421212],[-74.13252342611858,7.096187307110547],[-74.13310899354681,7.0927480046688185],[-74.13354890613292,7.089287385333894],[-74.13384239536313,7.085811520607238],[-74.13398894965474,7.082326508599742],[-74.1339883152305,7.078838463331846],[-74.13384049654042,7.075353504006691],[-74.13354575623056,7.071877744275189],[-74.13310461465903,7.068417281511768],[-74.13251784896006,7.064978186119662],[-74.13178649165816,7.061566490884441],[-74.13091182883488,7.058188180394461],[-74.12989539785134,7.054849180546759],[-74.12873898463111,7.051555348156765],[-74.12744462050782,7.048312460690027],[-74.12601457864359,7.045126206133888],[-74.12445137002445,7.042002173026877],[-74.12275773903994,7.038945840663208],[-74.12093665865484,7.035962569489519],[-74.11899132518145,7.033057591710655],[-74.11692515266175,7.030236002120876],[-74.1147417668694,7.027502749176527],[-74.11244499894205,7.024862626325745],[-74.11003887865527,7.022320263610333],[-74.10752762734994,7.019880119554476],[-74.10491565052541,7.0175464733544235],[-74.10220753011154,7.015323417382784],[-74.09940801643323,7.013214850020497],[-74.09652201988115,7.011224468828959],[-74.09355460230391,7.009355764074244],[-74.09051096813596,7.007612012614662],[-74.08739645527737,7.005996272162338],[-74.084216525741,7.004511375928791],[-74.08097675608352,7.003159927663845],[-74.0776828276372,7.001944297096508],[-74.07434051655898,7.000866615785762],[-74.07095568371469,6.999928773388488],[-74.06753426441585,6.999132414351021],[-74.06408225802674,6.9984789350300955],[-74.06060571746019,6.997969481248182],[-74.05711073858001,6.997604946287495],[-74.0536034495289,6.997385969326136],[-74.05009,6.997312934319107],[-74.04657655047112,6.997385969326136],[-74.04306926141999,6.997604946287495],[-74.03957428253982,6.997969481248182],[-74.03609774197325,6.9984789350300955],[-74.03264573558414,6.999132414351021],[-74.02922431628531,6.999928773388488],[-74.02583948344102,7.000866615785762],[-74.02249717236279,7.001944297096508],[-74.01920324391648,7.003159927663845],[-74.01596347425901,7.004511375928791],[-74.01278354472262,7.005996272162338],[-74.00966903186404,7.007612012614662],[-74.0066253976961,7.009355764074244],[-74.00365798011885,7.011224468828959],[-74.00077198356678,7.013214850020497],[-73.99797246988845,7.015323417382784],[-73.9952643494746,7.0175464733544235],[-73.99265237265007,7.019880119554476],[-73.99014112134473,7.022320263610333],[-73.98773500105794,7.024862626325745],[-73.9854382331306,7.027502749176527],[-73.98325484733824,7.030236002120876],[-73.98118867481854,7.033057591710655],[-73.97924334134515,7.035962569489519],[-73.97742226096005,7.038945840663208],[-73.97572862997555,7.042002173026877],[-73.9741654213564,7.045126206133888],[-73.97273537949218,7.048312460690027],[-73.97144101536888,7.051555348156765],[-73.97028460214867,7.054849180546759],[-73.96926817116511,7.058188180394461],[-73.96839350834183,7.061566490884441],[-73.96766215103993,7.064978186119662],[-73.96707538534096,7.068417281511768],[-73.96663424376943,7.071877744275189],[-73.96633950345958,7.075353504006691],[-73.96619168476951,7.078838463331846],[-73.96619105034526,7.082326508599742],[-73.96633760463686,7.085811520607238],[-73.96663109386708,7.089287385333894],[-73.9670710064532,7.0927480046688185],[-73.96765657388141,7.096187307110547],[-73.9683867720322,7.099599258421212],[-73.96926032295463,7.102977872216281],[-73.97027569708668,7.106317220471258],[-73.9714311159179,7.109611443926896],[-73.97272455508953,7.1128547623746154],[-73.97415374792732,7.116041484804058],[-73.97571618940059,7.119166019394912],[-73.97740914050075,7.122222883335428],[-73.97922963303195,7.125206712450343],[-73.98117447480527,7.128112270621267],[-73.98324025522767,7.130934458982915],[-73.98542335127583,7.13366832487899],[-73.98771993384442,7.136309070561946],[-73.9901259744581,7.138852061621265],[-73.99263725233483,7.141292835125381],[-73.99524936178895,7.143627107462916],[-73.99795771996027,7.145850781869355],[-74.0007575748563,7.147959955625878],[-74.00364401369292,7.149950926917663],[-74.00661197151928,7.151820201339504],[-74.00965624011147,7.153564498037272],[-74.0127714771194,7.15518075547438],[-74.01595221545088,7.156666136813021],[-74.01919287287605,7.1580180349007],[-74.02248776183565,7.159234076853213],[-74.02583109943544,7.160312128225997],[-74.02921701760917,7.161250296766441],[-74.03263957343259,7.162046935740538],[-74.03609275956948,7.162700646827995],[-74.03957051483191,7.163210282580657],[-74.0430667348358,7.163574948439907],[-74.04657528273286,7.16379400430948],[-74.05009,7.163867065680892]]]},"properties":{"_id":"677d3568c4d29dbb7301a4ff","createdBy":"OPONcQnzWGOLiJSceNaf8pvx1fA2","createdAt":"2025-01-07T14:08:40.436Z","updatedBy":"OPONcQnzWGOLiJSceNaf8pvx1fA2","updatedAt":"2025-01-07T14:10:12.456Z","name":"SKE47 - YONDO","dataIngestion":true,"type":0,"icaoClass":3,"activity":0,"onDemand":false,"onRequest":false,"byNotam":false,"specialAgreement":false,"requestCompliance":false,"country":"CO","upperLimit":{"value":5500,"unit":1,"referenceDatum":1},"lowerLimit":{"value":0,"unit":1,"referenceDatum":0},"hoursOfOperation":{"operatingHours":[{"dayOfWeek":0,"startTime":"00:00","endTime":"00:00","byNotam":false,"sunrise":false,"sunset":false,"publicHolidaysExcluded":false},{"dayOfWeek":1,"startTime":"00:00","endTime":"00:00","byNotam":false,"sunrise":false,"sunset":false,"publicHolidaysExcluded":false},{"dayOfWeek":2,"startTime":"00:00","endTime":"00:00","byNotam":false,"sunrise":false,"sunset":false,"publicHolidaysExcluded":false},{"dayOfWeek":3,"startTime":"00:00","endTime":"00:00","byNotam":false,"sunrise":false,"sunset":false,"publicHolidaysExcluded":false},{"dayOfWeek":4,"startTime":"00:00","endTime":"00:00","byNotam":false,"sunrise":false,"sunset":false,"publicHolidaysExcluded":false},{"dayOfWeek":5,"startTime":"00:00","endTime":"00:00","byNotam":false,"sunrise":false,"sunset":false,"publicHolidaysExcluded":false},{"dayOfWeek":6,"startTime":"00:00","endTime":"00:00","byNotam":false,"sunrise":false,"sunset":false,"publicHolidaysExcluded":false}]},"deletable":true}},{"type":"Feature","geometry":{"type":"Polygon","coordinates":[[[-74.06931,7.366597065680892],[-74.07282630304759,7.3665240039278705],[-74.07633643384499,7.366304946916149],[-74.07983423099472,7.365940279162228],[-74.08331355478559,7.365430640775667],[-74.08676829798776,7.364776926333568],[-74.09019239659042,7.3639802833076295],[-74.09357984046282,7.363042110046584],[-74.09692468392008,7.361964053317562],[-74.10022105617483,7.360748005410766],[-74.10346317165626,7.359396100812548],[-74.10664534017852,7.357910712452795],[-74.10976197694015,7.356294447533279],[-74.1128076123373,7.35455014294431],[-74.11577690157303,7.352680860277856],[-74.1186646340459,7.350689880445893],[-74.12146574250141,7.34858069791356],[-74.12417531192996,7.346357014557256],[-74.12678858819575,7.3440227331586],[-74.12930098638142,7.341581950545684],[-74.13170809883391,7.339038950393797],[-74.13400570289708,7.3363981956983],[-74.13618976831795,7.333664320932946],[-74.13825646431307,7.330842123907498],[-74.14020216628334,7.327936557339041],[-74.14202346216474,7.324952720151766],[-74.14371715840457,7.3218958485206915],[-74.14528028555239,7.3187713066750275],[-74.14671010345617,7.315584577477407],[-74.14800410605434,7.312341252795614],[-74.14916002575583,7.309047023683731],[-74.1501758374002,7.305707670390003],[-74.1510497617912,7.30232905220901],[-74.15178026879765,7.298917097195998],[-74.1523660800165,7.29547779176146],[-74.1528061709932,7.292017170164237],[-74.15309977299603,7.28854130392165],[-74.15324637434122,7.285056291155204],[-74.15324572126674,7.281568245890643],[-74.15309781835343,7.2780832873310715],[-74.15280292849286,7.274607529122008],[-74.15236157240216,7.271147068627192],[-74.15177452768687,7.267707976233926],[-74.15104282745362,7.264296284706731],[-74.15016775847509,7.2609179786079405],[-74.1491508589109,7.257578983803776],[-74.14799391558822,7.2542851570742855],[-74.1466989608475,7.2510422758453],[-74.14526826895838,7.247856028060411],[-74.1437043521128,7.244732002210646],[-74.14200995600201,7.241675677539309],[-74.14018805498552,7.238692414439094],[-74.13824184686062,7.235787445058215],[-74.13617474724168,7.232965864132037],[-74.13399038355897,7.230232620056149],[-74.13169258868801,7.227592506216488],[-74.12928539422026,7.225050152591671],[-74.12677302338712,7.222610017642134],[-74.12415988364982,7.220276380500271],[-74.12145055896814,7.218053333475177],[-74.11864980176114,7.215944774885059],[-74.11576252457469,7.213954402229803],[-74.11279379146984,7.212085705715633],[-74.10974880914716,7.210341962143081],[-74.10663291782276,7.208726229168977],[-74.10345158187184,7.207241339952404],[-74.10021038025592,7.205889898193995],[-74.09691499675074,7.204674273577134],[-74.09357120999177,7.203596597619092],[-74.09018488335437,7.202658759939224],[-74.08676195468682,7.201862404950789],[-74.08330842591359,7.201208928982137],[-74.07983035252711,7.200699477832235],[-74.07633383298655,7.200334944764848],[-74.07282499804151,7.200115968944808],[-74.06931,7.200042934319106],[-74.06579500195849,7.200115968944808],[-74.06228616701347,7.200334944764848],[-74.05878964747289,7.200699477832235],[-74.05531157408642,7.201208928982137],[-74.05185804531318,7.201862404950789],[-74.04843511664565,7.202658759939224],[-74.04504879000824,7.203596597619092],[-74.04170500324926,7.204674273577134],[-74.0384096197441,7.205889898193995],[-74.03516841812818,7.207241339952404],[-74.03198708217725,7.208726229168977],[-74.02887119085285,7.210341962143081],[-74.02582620853016,7.212085705715633],[-74.02285747542533,7.213954402229803],[-74.01997019823888,7.215944774885059],[-74.01716944103187,7.218053333475177],[-74.01446011635018,7.220276380500271],[-74.0118469766129,7.222610017642134],[-74.00933460577974,7.225050152591671],[-74.00692741131199,7.227592506216488],[-74.00462961644104,7.230232620056149],[-74.00244525275833,7.232965864132039],[-74.00037815313938,7.2357874450582145],[-73.99843194501449,7.238692414439094],[-73.99661004399799,7.241675677539309],[-73.99491564788721,7.244732002210646],[-73.99335173104163,7.247856028060411],[-73.99192103915252,7.2510422758453],[-73.9906260844118,7.2542851570742855],[-73.98946914108912,7.257578983803776],[-73.98845224152491,7.2609179786079405],[-73.98757717254638,7.264296284706731],[-73.98684547231315,7.267707976233926],[-73.98625842759786,7.271147068627192],[-73.98581707150716,7.274607529122008],[-73.98552218164657,7.2780832873310715],[-73.98537427873326,7.281568245890643],[-73.98537362565878,7.285056291155204],[-73.98552022700399,7.28854130392165],[-73.9858138290068,7.292017170164237],[-73.9862539199835,7.29547779176146],[-73.98683973120235,7.298917097195998],[-73.98757023820882,7.30232905220901],[-73.98844416259982,7.305707670390003],[-73.98945997424418,7.309047023683731],[-73.99061589394567,7.312341252795614],[-73.99190989654385,7.315584577477407],[-73.99333971444761,7.3187713066750275],[-73.99490284159543,7.3218958485206915],[-73.99659653783526,7.324952720151766],[-73.99841783371666,7.327936557339041],[-74.00036353568693,7.330842123907498],[-74.00243023168207,7.333664320932943],[-74.00461429710292,7.3363981956983],[-74.00691190116609,7.339038950393797],[-74.0093190136186,7.341581950545684],[-74.01183141180427,7.3440227331586],[-74.01444468807004,7.346357014557256],[-74.01715425749859,7.34858069791356],[-74.0199553659541,7.350689880445893],[-74.02284309842697,7.352680860277856],[-74.0258123876627,7.35455014294431],[-74.02885802305985,7.356294447533279],[-74.0319746598215,7.357910712452795],[-74.03515682834374,7.359396100812548],[-74.03839894382517,7.360748005410766],[-74.04169531607992,7.361964053317562],[-74.04504015953718,7.363042110046584],[-74.04842760340959,7.3639802833076295],[-74.05185170201226,7.364776926333568],[-74.05530644521443,7.365430640775667],[-74.0587857690053,7.365940279162228],[-74.06228356615503,7.366304946916149],[-74.06579369695243,7.3665240039278705],[-74.06931,7.366597065680892]]]},"properties":{"_id":"677d3568c4d29dbb7301a502","createdBy":"OPONcQnzWGOLiJSceNaf8pvx1fA2","createdAt":"2025-01-07T14:08:40.458Z","updatedBy":"OPONcQnzWGOLiJSceNaf8pvx1fA2","updatedAt":"2025-01-07T14:10:12.600Z","name":"SKE48 - PUERTO WINCHES","dataIngestion":true,"type":0,"icaoClass":3,"activity":0,"onDemand":false,"onRequest":false,"byNotam":false,"specialAgreement":false,"requestCompliance":false,"country":"CO","upperLimit":{"value":5500,"unit":1,"referenceDatum":1},"lowerLimit":{"value":0,"unit":1,"referenceDatum":0},"hoursOfOperation":{"operatingHours":[{"dayOfWeek":0,"startTime":"00:00","endTime":"00:00","byNotam":false,"sunrise":false,"sunset":false,"publicHolidaysExcluded":false},{"dayOfWeek":1,"startTime":"00:00","endTime":"00:00","byNotam":false,"sunrise":false,"sunset":false,"publicHolidaysExcluded":false},{"dayOfWeek":2,"startTime":"00:00","endTime":"00:00","byNotam":false,"sunrise":false,"sunset":false,"publicHolidaysExcluded":false},{"dayOfWeek":3,"startTime":"00:00","endTime":"00:00","byNotam":false,"sunrise":false,"sunset":false,"publicHolidaysExcluded":false},{"dayOfWeek":4,"startTime":"00:00","endTime":"00:00","byNotam":false,"sunrise":false,"sunset":false,"publicHolidaysExcluded":false},{"dayOfWeek":5,"startTime":"00:00","endTime":"00:00","byNotam":false,"sunrise":false,"sunset":false,"publicHolidaysExcluded":false},{"dayOfWeek":6,"startTime":"00:00","endTime":"00:00","byNotam":false,"sunrise":false,"sunset":false,"publicHolidaysExcluded":false}]},"deletable":true}},{"type":"Feature","geometry":{"type":"Polygon","coordinates":[[[-73.65031,7.565997065680893],[-73.65382790715961,7.565924003552192],[-73.65733963915812,7.565704945416061],[-73.66083903169302,7.565340275796898],[-73.66431994215951,7.56483063481735],[-73.66777626045156,7.564176917072718],[-73.67120191970507,7.563380270057881],[-73.67459090696472,7.562442092149561],[-73.67793727375522,7.561364030147508],[-73.6812351465384,7.560147976378924],[-73.68447873703782,7.558796065371304],[-73.68766235241219,7.557310670099514],[-73.69078040526017,7.555694397813832],[-73.6938274234384,7.553950085456262],[-73.69679805967569,7.552080794673283],[-73.69968710096636,7.550089806433831],[-73.70248947772613,7.547980615262041],[-73.70520027269438,7.5457569230949355],[-73.70781472956723,7.543422632775956],[-73.71032826134612,7.540981841195785],[-73.71273645838728,7.538438832092632],[-73.71503509613807,7.535798068524659],[-73.71722014254618,7.533064185027868],[-73.71928776512945,7.530241979473287],[-73.72123433769316,7.5273364046378255],[-73.72305644668357,7.5243525595036775],[-73.7247508971664,7.521295680301606],[-73.72631471842,7.518171131313927],[-73.72774516913314,7.514984395453371],[-73.72903974219894,7.511741064634455],[-73.7301961690961,7.508446829954301],[-73.73121242385028,7.505107471700207],[-73.73208672656847,7.501728849201532],[-73.73281754654063,7.498316890543802],[-73.73340360490305,7.494877582163056],[-73.73384387685894,7.4914169583387915],[-73.73413759345284,7.487941090603923],[-73.7342842428953,7.484456077090414],[-73.73428357143628,7.48096803182923],[-73.73413558378557,7.477483074023432],[-73.73384054307976,7.474007317313239],[-73.73339897039594,7.470546859051855],[-73.73281164381324,7.4671077696109025],[-73.73207959702405,7.463696081734176],[-73.73120411749733,7.460317779958392],[-73.73018674419754,7.456978790119441],[-73.72902926486348,7.453684968962531],[-73.72773371285159,7.450442093874395],[-73.72630236354976,7.447255852755549],[-73.72473773036783,7.4441318340502605],[-73.72304256031212,7.44107551695172],[-73.72121982915161,7.438092261799506],[-73.71927273618462,7.435187300686088],[-73.71720469861522,7.43236572828885],[-73.71501934554895,7.4296324929435595],[-73.71272051161904,7.426992387974941],[-73.71031223025379,7.4244500432993945],[-73.70779872659743,7.4220099173146],[-73.70518441009645,7.419676289090094],[-73.70247386676485,7.417453250872441],[-73.6996718511415,7.415344700918089],[-73.69678327795391,7.413354336666381],[-73.693813213503,7.411485648264614],[-73.6907668667838,7.409741912456446],[-73.68764958035769,7.408126186844265],[-73.68446682099213,7.406641304535542],[-73.68122417008423,7.405289869182479],[-73.6779273138847,7.404074250423556],[-73.67458203353934,7.402996579734972],[-73.67119419496571,7.40205874669914],[-73.66776973858187,7.401262395696763],[-73.66431466890586,7.400608923028243],[-73.66083504404361,7.400099474469419],[-73.65733696508354,7.399734943265886],[-73.65382656541661,7.399515968569409],[-73.65031,7.399442934319109],[-73.6467934345834,7.399515968569409],[-73.64328303491646,7.399734943265886],[-73.6397849559564,7.400099474469419],[-73.63630533109415,7.400608923028243],[-73.63285026141814,7.401262395696763],[-73.6294258050343,7.40205874669914],[-73.62603796646067,7.402996579734972],[-73.62269268611531,7.404074250423556],[-73.61939582991577,7.405289869182479],[-73.61615317900787,7.406641304535542],[-73.61297041964232,7.408126186844265],[-73.6098531332162,7.409741912456446],[-73.60680678649699,7.411485648264614],[-73.6038367220461,7.413354336666381],[-73.6009481488585,7.415344700918089],[-73.59814613323515,7.417453250872441],[-73.59543558990356,7.419676289090094],[-73.59282127340258,7.4220099173146],[-73.59030776974622,7.4244500432993945],[-73.58789948838097,7.426992387974941],[-73.58560065445106,7.4296324929435595],[-73.58341530138479,7.43236572828885],[-73.58134726381537,7.435187300686088],[-73.5794001708484,7.438092261799506],[-73.57757743968789,7.44107551695172],[-73.57588226963216,7.4441318340502605],[-73.57431763645025,7.447255852755549],[-73.57288628714842,7.450442093874395],[-73.57159073513652,7.453684968962531],[-73.57043325580247,7.456978790119441],[-73.56941588250268,7.460317779958392],[-73.56854040297596,7.463696081734176],[-73.56780835618677,7.4671077696109025],[-73.56722102960407,7.470546859051855],[-73.56677945692024,7.474007317313239],[-73.56648441621444,7.477483074023432],[-73.56633642856372,7.48096803182923],[-73.56633575710471,7.484456077090414],[-73.56648240654717,7.487941090603923],[-73.56677612314107,7.4914169583387915],[-73.56721639509696,7.494877582163056],[-73.56780245345936,7.498316890543802],[-73.56853327343154,7.501728849201532],[-73.56940757614973,7.505107471700207],[-73.5704238309039,7.508446829954301],[-73.57158025780107,7.511741064634455],[-73.57287483086687,7.514984395453371],[-73.57430528158001,7.518171131313927],[-73.5758691028336,7.521295680301606],[-73.57756355331644,7.5243525595036775],[-73.57938566230683,7.5273364046378255],[-73.58133223487056,7.530241979473287],[-73.58339985745383,7.533064185027868],[-73.58558490386194,7.535798068524659],[-73.58788354161271,7.538438832092632],[-73.59029173865389,7.540981841195785],[-73.59280527043278,7.543422632775956],[-73.59541972730563,7.5457569230949355],[-73.59813052227388,7.547980615262041],[-73.60093289903365,7.550089806433831],[-73.60382194032432,7.552080794673283],[-73.6067925765616,7.553950085456262],[-73.60983959473984,7.555694397813832],[-73.61295764758782,7.557310670099514],[-73.61614126296219,7.558796065371304],[-73.6193848534616,7.560147976378924],[-73.62268272624479,7.561364030147508],[-73.62602909303527,7.562442092149561],[-73.62941808029494,7.563380270057881],[-73.63284373954845,7.564176917072718],[-73.6363000578405,7.56483063481735],[-73.639780968307,7.565340275796898],[-73.64328036084189,7.565704945416061],[-73.6467920928404,7.565924003552192],[-73.65031,7.565997065680893]]]},"properties":{"_id":"677d3568c4d29dbb7301a505","createdBy":"OPONcQnzWGOLiJSceNaf8pvx1fA2","createdAt":"2025-01-07T14:08:40.484Z","updatedBy":"OPONcQnzWGOLiJSceNaf8pvx1fA2","updatedAt":"2025-01-07T14:10:12.738Z","name":"SKE49 - SABANA DE TORRES","dataIngestion":true,"type":0,"icaoClass":3,"activity":0,"onDemand":false,"onRequest":false,"byNotam":false,"specialAgreement":false,"requestCompliance":false,"country":"CO","upperLimit":{"value":5500,"unit":1,"referenceDatum":1},"lowerLimit":{"value":0,"unit":1,"referenceDatum":0},"hoursOfOperation":{"operatingHours":[{"dayOfWeek":0,"startTime":"00:00","endTime":"00:00","byNotam":false,"sunrise":false,"sunset":false,"publicHolidaysExcluded":false},{"dayOfWeek":1,"startTime":"00:00","endTime":"00:00","byNotam":false,"sunrise":false,"sunset":false,"publicHolidaysExcluded":false},{"dayOfWeek":2,"startTime":"00:00","endTime":"00:00","byNotam":false,"sunrise":false,"sunset":false,"publicHolidaysExcluded":false},{"dayOfWeek":3,"startTime":"00:00","endTime":"00:00","byNotam":false,"sunrise":false,"sunset":false,"publicHolidaysExcluded":false},{"dayOfWeek":4,"startTime":"00:00","endTime":"00:00","byNotam":false,"sunrise":false,"sunset":false,"publicHolidaysExcluded":false},{"dayOfWeek":5,"startTime":"00:00","endTime":"00:00","byNotam":false,"sunrise":false,"sunset":false,"publicHolidaysExcluded":false},{"dayOfWeek":6,"startTime":"00:00","endTime":"00:00","byNotam":false,"sunrise":false,"sunset":false,"publicHolidaysExcluded":false}]},"deletable":true}},{"type":"Feature","geometry":{"type":"Polygon","coordinates":[[[-75.13889,6.39139],[-75.30861,6.14194],[-75.18611,6.14389],[-75.13889,6.39139]]]},"properties":{"_id":"677d3568c4d29dbb7301a4d8","createdBy":"OPONcQnzWGOLiJSceNaf8pvx1fA2","createdAt":"2025-01-07T14:08:40.226Z","updatedBy":"OPONcQnzWGOLiJSceNaf8pvx1fA2","updatedAt":"2025-01-07T14:10:10.626Z","name":"SKE9 / RIONEGRO","dataIngestion":true,"type":0,"icaoClass":3,"activity":0,"onDemand":false,"onRequest":false,"byNotam":false,"specialAgreement":false,"requestCompliance":false,"country":"CO","upperLimit":{"value":7500,"unit":1,"referenceDatum":1},"lowerLimit":{"value":0,"unit":1,"referenceDatum":0},"hoursOfOperation":{"operatingHours":[{"dayOfWeek":0,"startTime":"00:00","endTime":"00:00","byNotam":false,"sunrise":false,"sunset":false,"publicHolidaysExcluded":false},{"dayOfWeek":1,"startTime":"00:00","endTime":"00:00","byNotam":false,"sunrise":false,"sunset":false,"publicHolidaysExcluded":false},{"dayOfWeek":2,"startTime":"00:00","endTime":"00:00","byNotam":false,"sunrise":false,"sunset":false,"publicHolidaysExcluded":false},{"dayOfWeek":3,"startTime":"00:00","endTime":"00:00","byNotam":false,"sunrise":false,"sunset":false,"publicHolidaysExcluded":false},{"dayOfWeek":4,"startTime":"00:00","endTime":"00:00","byNotam":false,"sunrise":false,"sunset":false,"publicHolidaysExcluded":false},{"dayOfWeek":5,"startTime":"00:00","endTime":"00:00","byNotam":false,"sunrise":false,"sunset":false,"publicHolidaysExcluded":false},{"dayOfWeek":6,"startTime":"00:00","endTime":"00:00","byNotam":false,"sunrise":false,"sunset":false,"publicHolidaysExcluded":false}]},"deletable":true}},{"type":"Feature","geometry":{"type":"Polygon","coordinates":[[[-74.90083,4.22722],[-74.97944,4.13528],[-74.90389,4.07056],[-74.83083,4.15611],[-74.81028,4.17639],[-74.78472,4.24667],[-74.71472,4.29417],[-74.71539454672748,4.297200354842991],[-74.71634494109661,4.300551747533045],[-74.7174352485693,4.303860512661417],[-74.71866355800164,4.307120844947704],[-74.72002771604448,4.3103270240129055],[-74.7215253309104,4.313473424419397],[-74.72315377655949,4.316554525544803],[-74.72491019729715,4.319564921272401],[-74.72679151277563,4.322499329481],[-74.72879442339067,4.325352601317658],[-74.73091541606381,4.328119730236858],[-74.73315077040044,4.3307958607903005],[-74.73549656521247,4.333376297151815],[-74.73794868539463,4.3358565113623895],[-74.74050282914202,4.338232151280806],[-74.74315451549641,4.340499048225898],[-74.74589909220815,4.342653224296933],[-74.74873174389965,4.344690899359278],[-74.75164750051636,4.346608497682995],[-74.75464124605013,4.348402654222703],[-74.75770772751996,4.350070220527617],[-74.76084156419401,4.351608270271365],[-74.76403725703678,4.353014104391819],[-74.767289198365,4.354285255831898],[-74.77059168169494,4.355419493872963],[-74.77393891176386,4.356414828053186],[-74.77732501470824,4.357269511663947],[-74.78074404838043,4.357982044818147],[-74.78419001278583,4.35855117708496],[-74.78765686062202,4.358975909686435],[-74.79113850790148,4.3592554972520325],[-74.7946288446388,4.3593894491280185],[-74.79812174558394,4.359377530239404],[-74.80161108098238,4.359219761502905],[-74.80509072734311,4.358916419790196],[-74.80855457819575,4.358468037441529],[-74.81199655481743,4.357875401330561],[-74.81541061691091,4.357139551482052],[-74.81879077321483,4.356261779244877],[-74.82213109202749,4.355243625023544],[-74.82542571162558,4.354086875572279],[-74.82866885055942,4.352793560856381],[-74.83185481780686,4.351365950486431],[-74.83497802276736,4.349806549731639],[-74.83803298507934,4.348118095119332],[-74.84101434424308,4.346303549628378],[-74.84391686903214,4.344366097484995],[-74.84673546667723,4.3423091385701325],[-74.8494651918058,4.340136282448276],[-74.85210125512205,4.337851342028209],[-74.85463903181187,4.335458326866891],[-74.85707406965807,4.332961436128256],[-74.85940209685162,4.330365051209334],[-74.86161902948513,4.3276737280466895],[-74.86372097871546,4.324892189116709],[-74.86570425758319,4.322025315143839],[-74.86756538747633,4.319078136531362],[-74.8693011042277,4.316055824529797],[-74.87090836383503,4.312963682158452],[-74.87238434779354,4.309807134896124],[-74.87372646803222,4.306591721157288],[-74.87493237144469,4.303323082570558],[-74.87599994400718,4.300006954076479],[-74.8769273144762,4.296649153862075],[-74.87771285765969,4.293255573149841],[-74.87835519725583,4.289832165859102],[-74.87885320825461,4.286384938157926],[-74.87920601889844,4.282919937923916],[-74.87941301219776,4.279443244132391],[-74.87947382699967,4.275960956190599],[-74.87938835860759,4.272479183236656],[-74.87915675895088,4.269004033422004],[-74.87877943630446,4.265541603196182],[-74.87825705455873,4.262097966612708],[-74.87759053204131,4.258679164674812],[-74.87678103989293,4.255291194739715],[-74.87583,4.25194],[-74.90083,4.22722]]]},"properties":{"_id":"677d3569c4d29dbb7301a5c2","createdBy":"OPONcQnzWGOLiJSceNaf8pvx1fA2","createdAt":"2025-01-07T14:08:41.553Z","updatedBy":"OPONcQnzWGOLiJSceNaf8pvx1fA2","updatedAt":"2025-01-07T14:10:24.325Z","name":"SKGI / GIRARDOT","dataIngestion":true,"type":4,"icaoClass":3,"activity":0,"onDemand":false,"onRequest":false,"byNotam":false,"specialAgreement":false,"requestCompliance":false,"country":"CO","upperLimit":{"value":6500,"unit":1,"referenceDatum":1},"lowerLimit":{"value":0,"unit":1,"referenceDatum":0},"hoursOfOperation":{"operatingHours":[{"dayOfWeek":0,"startTime":"00:00","endTime":"00:00","byNotam":false,"sunrise":false,"sunset":false,"publicHolidaysExcluded":false},{"dayOfWeek":1,"startTime":"00:00","endTime":"00:00","byNotam":false,"sunrise":false,"sunset":false,"publicHolidaysExcluded":false},{"dayOfWeek":2,"startTime":"00:00","endTime":"00:00","byNotam":false,"sunrise":false,"sunset":false,"publicHolidaysExcluded":false},{"dayOfWeek":3,"startTime":"00:00","endTime":"00:00","byNotam":false,"sunrise":false,"sunset":false,"publicHolidaysExcluded":false},{"dayOfWeek":4,"startTime":"00:00","endTime":"00:00","byNotam":false,"sunrise":false,"sunset":false,"publicHolidaysExcluded":false},{"dayOfWeek":5,"startTime":"00:00","endTime":"00:00","byNotam":false,"sunrise":false,"sunset":false,"publicHolidaysExcluded":false},{"dayOfWeek":6,"startTime":"00:00","endTime":"00:00","byNotam":false,"sunrise":false,"sunset":false,"publicHolidaysExcluded":false}]},"deletable":true}},{"type":"Feature","geometry":{"type":"Polygon","coordinates":[[[-75.1175,4.34],[-74.99,4.23167],[-74.8975,4.415],[-74.94222,4.4375],[-74.95417,4.48611],[-75.05972,4.46],[-75.06068031849173,4.462181377920052],[-75.06244574765392,4.465190731253698],[-75.0643360450996,4.468123736010937],[-75.06634789548896,4.470975245766236],[-75.06847777007614,4.473740257029865],[-75.07072193289451,4.476413918032575],[-75.07307644730676,4.478991537244301],[-75.07553718290806,4.481468591611923],[-75.07809982277065,4.48384073450154],[-75.08075987101668,4.486103803331325],[-75.08351266070635,4.488253826881459],[-75.08635336202732,4.490287032268316],[-75.08927699077127,4.492199851570588],[-75.09227841708223,4.493988928095661],[-75.09535237446191,4.495651122275234],[-75.09849346901575,4.497183517179758],[-75.10169618892354,4.498583423641975],[-75.10495491411804,4.499848384980539],[-75.10826392615442,4.500976181315382],[-75.11161741825322,4.501964833467204],[-75.1150095054991,4.502812606434218],[-75.1184342351774,4.503518012440019],[-75.12188559723036,4.504079813547204],[-75.12535753481437,4.5044970238321005],[-75.12884395493991,4.504768911116819],[-75.13233873917511,4.504894998255522],[-75.13583575439438,4.504875063972675],[-75.13932886355278,4.504709143251785],[-75.14281193646741,4.504397527273936],[-75.14627886058668,4.503940762906247],[-75.14972355172844,4.503339651741138],[-75.15313996476814,4.502595248688113],[-75.15652210425796,4.501708860120527],[-75.15986403495835,4.500682041580632],[-75.16315989226345,4.499516595046928],[-75.16640389250176,4.498214565768655],[-75.16959034309421,4.496778238673003],[-75.17271365255141,4.495210134351379],[-75.17576834029279,4.493513004631813],[-75.17874904627006,4.491689827745312],[-75.18165054037819,4.48974380309468],[-75.1844677316374,4.4876783456350315],[-75.1871956771297,4.485497079875912],[-75.18982959067478,4.483203833515582],[-75.19236485122944,4.480802630718704],[-75.19479701099635,4.478297685049247],[-75.19712180322728,4.475693392071111],[-75.19933514970772,4.472994321629443],[-75.20143316790954,4.47020520982629],[-75.20341217779884,4.467330950704684],[-75.20526870828769,4.464376587655831],[-75.20699950331786,4.461347304564492],[-75.2086015275664,4.458248416708169],[-75.21007197176279,4.4550853614260895],[-75.21140825760857,4.451863688574416],[-75.21260804229071,4.448589050784453],[-75.21366922258117,4.44526719354099],[-75.21458993851518,4.4419039450982085],[-75.21536857664202,4.438505206250898],[-75.21600377284295,4.435076939978928],[-75.21649441471091,4.431625160983174],[-75.21683964348833,4.428155925131289],[-75.21703885555964,4.424675318831834],[-75.2170917034958,4.421189448355425],[-75.21699809664943,4.417704429121636],[-75.21675820129934,4.414226374970466],[-75.2163724403443,4.410761387437179],[-75.21584149254689,4.407315545049323],[-75.21516629132881,4.403894892664705],[-75.2143480231196,4.400505430869015],[-75.2133881252621,4.397153105451659],[-75.21228828347824,4.393843796978274],[-75.2110504288997,4.390583310478161],[-75.20967673466873,4.387377365264728],[-75.20816961211533,4.384231584906746],[-75.20653170651721,4.38115148736799],[-75.20476589245047,4.378142475332523],[-75.20287526873884,4.375209826732545],[-75.20086315301063,4.372358685495407],[-75.19873307587288,4.369594052525954],[-75.19648877471296,4.366920776939975],[-75.19413418713863,4.364343547564117],[-75.19167344406786,4.361866884717081],[-75.18911086248085,4.359495132286534],[-75.18645093784667,4.357232450115513],[-75.18369833623812,4.3550828067117],[-75.18085788614827,4.353049972292263],[-75.17793457002333,4.351137512176441],[-75.17493351552639,4.3493487805374045],[-75.17185998654776,4.3476869145243215],[-75.16871937397713,4.346154828764885],[-75.16551718625388,4.344755210257914],[-75.16225903971241,4.343490513664949],[-75.15895064873871,4.342362957009051],[-75.15559781575591,4.341374517788341],[-75.15220642105614,4.340526929511038],[-75.14878241249629,4.339821678658075],[-75.14533179507603,4.33926000207857],[-75.14186062041586,4.338842884822713],[-75.13837497615397,4.338571058415862],[-75.13488097528,4.338444999576839],[-75.1313847454249,4.338464929382671],[-75.12789241812476,4.338630812881261],[-75.12441011807833,4.338942359152608],[-75.12094395241606,4.339399021818539],[-75.1175,4.34]]]},"properties":{"_id":"677d3569c4d29dbb7301a5ce","createdBy":"OPONcQnzWGOLiJSceNaf8pvx1fA2","createdAt":"2025-01-07T14:08:41.631Z","updatedBy":"OPONcQnzWGOLiJSceNaf8pvx1fA2","updatedAt":"2025-01-07T14:10:25.033Z","name":"SKIB / IBAGUE","dataIngestion":true,"type":4,"icaoClass":3,"activity":0,"onDemand":false,"onRequest":false,"byNotam":false,"specialAgreement":false,"requestCompliance":false,"country":"CO","upperLimit":{"value":8500,"unit":1,"referenceDatum":1},"lowerLimit":{"value":0,"unit":1,"referenceDatum":0},"hoursOfOperation":{"operatingHours":[{"dayOfWeek":0,"startTime":"00:00","endTime":"00:00","byNotam":false,"sunrise":false,"sunset":false,"publicHolidaysExcluded":false},{"dayOfWeek":1,"startTime":"00:00","endTime":"00:00","byNotam":false,"sunrise":false,"sunset":false,"publicHolidaysExcluded":false},{"dayOfWeek":2,"startTime":"00:00","endTime":"00:00","byNotam":false,"sunrise":false,"sunset":false,"publicHolidaysExcluded":false},{"dayOfWeek":3,"startTime":"00:00","endTime":"00:00","byNotam":false,"sunrise":false,"sunset":false,"publicHolidaysExcluded":false},{"dayOfWeek":4,"startTime":"00:00","endTime":"00:00","byNotam":false,"sunrise":false,"sunset":false,"publicHolidaysExcluded":false},{"dayOfWeek":5,"startTime":"00:00","endTime":"00:00","byNotam":false,"sunrise":false,"sunset":false,"publicHolidaysExcluded":false},{"dayOfWeek":6,"startTime":"00:00","endTime":"00:00","byNotam":false,"sunrise":false,"sunset":false,"publicHolidaysExcluded":false}]},"deletable":true}},{"type":"Feature","geometry":{"type":"Polygon","coordinates":[[[-75.59043,6.270446239408535],[-75.59253496158888,6.270402406351515],[-75.59463622930261,6.2702709841006135],[-75.59673011575377,6.270052203281217],[-75.59881294651913,6.269746447818869],[-75.60088106659305,6.269354254264956],[-75.60293084680676,6.268876310854341],[-75.60495869020214,6.268313456296586],[-75.60696103834869,6.267666678302912],[-75.60893437759253,6.26693711185148],[-75.61087524522665,6.266126037194068],[-75.6127802355713,6.265234877607627],[-75.61464600595382,6.2642651968947165],[-75.61646928257767,6.2632186966371854],[-75.61824686626994,6.262097213207961],[-75.61997563809747,6.260902714546212],[-75.62165256484172,6.259637296701534],[-75.62327470432251,6.258303180153304],[-75.6248392105616,6.25690270591161],[-75.62634333877693,6.255438331406694],[-75.62778445019845,6.253912626174086],[-75.62916001669765,6.252328267343075],[-75.63046762522218,6.25068803493642],[-75.63170498202794,6.248994806989592],[-75.63286991670142,6.247251554498127],[-75.63396038596494,6.24546133620199],[-75.63497447725824,6.243627293216115],[-75.63591041209037,6.241752643516569],[-75.63676654915554,6.23984067629203],[-75.6375413872082,6.23789474617052],[-75.63823356769153,6.235918267331537],[-75.63884187711542,6.2339147075139305],[-75.63936524917945,6.231887581930052],[-75.63980276663737,6.229840447096884],[-75.64015366289969,6.227776894594957],[-75.64041732337172,6.225700544766049],[-75.64059328652488,6.223615040360706],[-75.640681244699,6.221524040146746],[-75.64068104463495,6.21943121248998],[-75.64059268773603,6.217340228918376],[-75.64041633005816,6.215254757681011],[-75.64015228202877,6.213178457313054],[-75.63980100789492,6.2111149702181185],[-75.63936312490175,6.2090679162792],[-75.63883940220275,6.207040886509417],[-75.6382307595036,6.205037436753681],[-75.63753826544242,6.203061081452344],[-75.63676313570883,6.201115287477728],[-75.63590673090556,6.1992034680543595],[-75.63497055415624,6.197328976773541],[-75.63395624846342,6.19549510171276],[-75.63286559382198,6.193705059670211],[-75.63170050409245,6.191961990524535],[-75.63046302364013,6.190268951729659],[-75.62915532374585,6.188628912954358],[-75.62777969879454,6.1870447508759145],[-75.62633856224859,6.185519244137012],[-75.62483444241278,6.184055068474647],[-75.6232699779983,6.182654792029616],[-75.62164791349394,6.181320870844755],[-75.61997109435198,6.18005564455982],[-75.61824246199784,6.178861332310532],[-75.6164650486718,6.17774002883894],[-75.614641972112,6.176693700821933],[-75.61277643008805,6.175724183424298],[-75.61087169479471,6.17483317708234],[-75.60893110711565,6.17402224452372],[-75.60695807076695,6.173292808028666],[-75.604956046331,6.172646146937404],[-75.6029285451911,6.172083395408108],[-75.60087912337706,6.171605540429327],[-75.59881137533309,6.171213420090335],[-75.59672892761844,6.170907722112445],[-75.5946354325519,6.170688982643831],[-75.59253456181146,6.170557585319991],[-75.59043,6.170513760591464],[-75.58832543818855,6.170557585319991],[-75.5862245674481,6.170688982643831],[-75.58413107238155,6.170907722112445],[-75.5820486246669,6.171213420090335],[-75.57998087662294,6.171605540429327],[-75.5779314548089,6.172083395408108],[-75.575903953669,6.172646146937404],[-75.57390192923306,6.173292808028666],[-75.57192889288436,6.17402224452372],[-75.56998830520529,6.17483317708234],[-75.56808356991196,6.175724183424298],[-75.566218027888,6.176693700821933],[-75.5643949513282,6.17774002883894],[-75.56261753800216,6.178861332310532],[-75.56088890564801,6.18005564455982],[-75.55921208650605,6.181320870844755],[-75.55759002200169,6.182654792029616],[-75.55602555758723,6.184055068474647],[-75.5545214377514,6.185519244137012],[-75.55308030120545,6.1870447508759145],[-75.55170467625416,6.188628912954358],[-75.55039697635986,6.190268951729659],[-75.54915949590755,6.191961990524535],[-75.54799440617802,6.193705059670211],[-75.54690375153659,6.19549510171276],[-75.54588944584377,6.197328976773541],[-75.54495326909445,6.1992034680543595],[-75.54409686429118,6.201115287477728],[-75.5433217345576,6.203061081452344],[-75.5426292404964,6.205037436753681],[-75.54202059779726,6.207040886509417],[-75.54149687509825,6.2090679162792],[-75.54105899210508,6.2111149702181185],[-75.54070771797123,6.213178457313054],[-75.54044366994184,6.215254757681011],[-75.54026731226396,6.217340228918376],[-75.54017895536506,6.21943121248998],[-75.540178755301,6.221524040146746],[-75.54026671347512,6.223615040360706],[-75.54044267662827,6.225700544766049],[-75.5407063371003,6.227776894594957],[-75.54105723336264,6.229840447096884],[-75.54149475082056,6.231887581930052],[-75.54201812288458,6.2339147075139305],[-75.54262643230848,6.235918267331537],[-75.5433186127918,6.23789474617052],[-75.54409345084446,6.23984067629203],[-75.54494958790964,6.241752643516569],[-75.54588552274176,6.243627293216115],[-75.54689961403507,6.24546133620199],[-75.54799008329857,6.247251554498127],[-75.54915501797205,6.248994806989592],[-75.55039237477781,6.25068803493642],[-75.55169998330234,6.252328267343075],[-75.55307554980155,6.253912626174086],[-75.55451666122308,6.255438331406694],[-75.55602078943839,6.25690270591161],[-75.5575852956775,6.258303180153304],[-75.55920743515829,6.259637296701534],[-75.56088436190252,6.260902714546212],[-75.56261313373005,6.262097213207961],[-75.56439071742234,6.2632186966371854],[-75.5662139940462,6.2642651968947165],[-75.56807976442872,6.265234877607627],[-75.56998475477336,6.266126037194068],[-75.57192562240748,6.26693711185148],[-75.57389896165132,6.267666678302912],[-75.57590130979787,6.268313456296586],[-75.57792915319325,6.268876310854341],[-75.57997893340696,6.269354254264956],[-75.58204705348086,6.269746447818869],[-75.58412988424624,6.270052203281217],[-75.5862237706974,6.2702709841006135],[-75.58832503841113,6.270402406351515],[-75.59043,6.270446239408535]]]},"properties":{"_id":"677d3569c4d29dbb7301a5d1","createdBy":"OPONcQnzWGOLiJSceNaf8pvx1fA2","createdAt":"2025-01-07T14:08:41.649Z","updatedBy":"OPONcQnzWGOLiJSceNaf8pvx1fA2","updatedAt":"2025-01-07T14:10:25.178Z","name":"SKMD / MEDELLIN","dataIngestion":true,"type":4,"icaoClass":3,"activity":0,"onDemand":false,"onRequest":false,"byNotam":false,"specialAgreement":false,"requestCompliance":false,"country":"CO","upperLimit":{"value":10000,"unit":1,"referenceDatum":1},"lowerLimit":{"value":0,"unit":1,"referenceDatum":0},"hoursOfOperation":{"operatingHours":[{"dayOfWeek":0,"startTime":"00:00","endTime":"00:00","byNotam":false,"sunrise":false,"sunset":false,"publicHolidaysExcluded":false},{"dayOfWeek":1,"startTime":"00:00","endTime":"00:00","byNotam":false,"sunrise":false,"sunset":false,"publicHolidaysExcluded":false},{"dayOfWeek":2,"startTime":"00:00","endTime":"00:00","byNotam":false,"sunrise":false,"sunset":false,"publicHolidaysExcluded":false},{"dayOfWeek":3,"startTime":"00:00","endTime":"00:00","byNotam":false,"sunrise":false,"sunset":false,"publicHolidaysExcluded":false},{"dayOfWeek":4,"startTime":"00:00","endTime":"00:00","byNotam":false,"sunrise":false,"sunset":false,"publicHolidaysExcluded":false},{"dayOfWeek":5,"startTime":"00:00","endTime":"00:00","byNotam":false,"sunrise":false,"sunset":false,"publicHolidaysExcluded":false},{"dayOfWeek":6,"startTime":"00:00","endTime":"00:00","byNotam":false,"sunrise":false,"sunset":false,"publicHolidaysExcluded":false}]},"deletable":true}},{"type":"Feature","geometry":{"type":"Polygon","coordinates":[[[-75.71574,8.75854],[-75.74538,8.79881],[-75.74414296206126,8.799735080439026],[-75.74323375121693,8.803108281290035],[-75.74246826117115,8.806516147009084],[-75.74184783863733,8.809952699928711],[-75.74137357596913,8.81341191189509],[-75.74104630921687,8.816887714838261],[-75.74086661663249,8.820374011413534],[-75.7408348176263,8.8238646856954],[-75.74095097217757,8.827353613905261],[-75.74121488069976,8.830834675154154],[-75.7416260843613,8.834301762181605],[-75.74218386586139,8.837748792071801],[-75.74288725065954,8.841169716928256],[-75.74373500865717,8.844558534488213],[-75.74472565632824,8.84790929865816],[-75.7458574592955,8.851216129951908],[-75.74712843534809,8.854473225812892],[-75.7485363578953,8.857674870802539],[-75.75007875985048,8.860815446636751],[-75.75175293793868,8.863889442052836],[-75.75355595742053,8.86689146248952],[-75.75548465722407,8.869816239562951],[-75.75753565547582,8.872658640322005],[-75.75970535542136,8.875413676266557],[-75.76198995172537,8.878076512112823],[-75.76438543713972,8.880642474290253],[-75.7668876095284,8.883107059155028],[-75.76949207923678,8.885465940905608],[-75.77219427679235,8.887714979186333],[-75.77498946092338,8.889850226365683],[-75.77787272688147,8.89186793447627],[-75.78083901505347,8.89376456180433],[-75.78388311984733,8.895536779116995],[-75.7869996988365,8.897181475516378],[-75.7901832821466,8.898695763910093],[-75.79342828206786,8.900076986088477],[-75.79672900287628,8.901322717399577],[-75.80007965084626,8.902430771013579],[-75.8034743444369,8.903399201769135],[-75.80690712463402,8.904226309594769],[-75.81037196542935,8.904910642499287],[-75.81386278441883,8.905450999125899],[-75.81737345350062,8.905846430865516],[-75.82089780965435,8.906096243525486],[-75.82442966578223,8.906199998550772],[-75.82796282159292,8.90615751379546],[-75.83149107450868,8.905968863843182],[-75.83500823057672,8.905634379875908],[-75.83850811536527,8.905154649091344],[-75.84198458482476,8.904530513669947],[-75.8454315360955,8.903763069293413],[-75.84884291824193,8.90285366321725],[-75.85221274289506,8.901803891900869],[-75.85553509478385,8.900615598199384],[-75.85880414213686,8.899290868122096],[-75.86201414693618,8.89783202716346],[-75.86515947500483,8.896241636212942],[-75.86823460591036,8.894522487051113],[-75.87123414266689,8.892677597439913],[-75.87415282121832,8.890710205815795],[-75.87698551968629,8.888623765595137],[-75.87972726736633,8.886421939102044],[-75.88237325345641,8.884108591129234],[-75.8849188355025,8.881687782143473],[-75.88735954754637,8.879163761147517],[-75.88969110796127,8.876540958211228],[-75.89190942696158,8.873823976685072],[-75.89401061377364,8.87101758510973],[-75.89599098345478,8.86812670883615],[-75.89784706334898,8.865156421370846],[-75.89957559916769,8.862111935461686],[-75.90117356068541,8.858998593939948],[-75.90263814703984,8.855821860334782],[-75.90396679162784,8.852587309276625],[-75.90515716658831,8.849300616706495],[-75.9062071868646,8.84596754990842],[-75.90711501383923,8.842593957382531],[-75.9078790585349,8.839185758576715],[-75.90849798437631,8.835748933494786],[-75.90897070950795,8.832289512199582],[-75.9092964086642,8.828813564229348],[-75.90947451458868,8.825327187946026],[-75.90950471900027,8.821836499834227],[-75.90938697310462,8.818347623769546],[-75.90912148765038,8.814866680275193],[-75.90870873253012,8.811399775785677],[-75.90814943592697,8.807952991936448],[-75.90744458300875,8.8045323748982],[-75.90659541417186,8.801143924774575],[-75.90560342283828,8.797793585081793],[-75.90447035281012,8.794487232328658],[-75.90319819518571,8.791230665715123],[-75.90178918484368,8.788029596967489],[-75.90024579650076,8.784889640327942],[-75.89857074035069,8.781816302715983],[-75.89676695729186,8.778814974078871],[-75.89483761375217,8.775890917947997],[-75.89278609612052,8.773049262217599],[-75.89061600479435,8.770294990161968],[-75.88833114785436,8.767632931706771],[-75.88593553437683,8.765067754969712],[-75.88343336739608,8.762603958085316],[-75.88082903652884,8.76024586132801],[-75.87812711027382,8.757997599547286],[-75.87533232799981,8.755863114928069],[-75.87244959163647,8.753846150088924],[-75.86948395708227,8.7519502415301],[-75.86644062534461,8.750178713442802],[-75.86332493342762,8.748534671890482],[-75.86014234498356,8.747020999372236],[-75.85689844074392,8.745640349777785],[-75.85359890874727,8.74439514374281],[-75.85024953438055,8.74328756441267],[-75.84685619025123,8.742319553621941],[-75.84342482590799,8.74149280849634],[-75.83996145742788,8.740808778482966],[-75.8364721568877,8.740268662814035],[-75.83296304173842,8.73987340840848],[-75.82944026410065,8.739623708215085],[-75.82591,8.73952],[-75.79627,8.69926],[-75.71574,8.75854]]]},"properties":{"_id":"677d3569c4d29dbb7301a5bc","createdBy":"OPONcQnzWGOLiJSceNaf8pvx1fA2","createdAt":"2025-01-07T14:08:41.512Z","updatedBy":"OPONcQnzWGOLiJSceNaf8pvx1fA2","updatedAt":"2025-01-07T14:10:24.023Z","name":"SKMR / MONTERIA","dataIngestion":true,"type":4,"icaoClass":3,"activity":0,"onDemand":false,"onRequest":false,"byNotam":false,"specialAgreement":false,"requestCompliance":false,"country":"CO","upperLimit":{"value":2500,"unit":1,"referenceDatum":1},"lowerLimit":{"value":0,"unit":1,"referenceDatum":0},"hoursOfOperation":{"operatingHours":[{"dayOfWeek":0,"startTime":"00:00","endTime":"00:00","byNotam":false,"sunrise":false,"sunset":false,"publicHolidaysExcluded":false},{"dayOfWeek":1,"startTime":"00:00","endTime":"00:00","byNotam":false,"sunrise":false,"sunset":false,"publicHolidaysExcluded":false},{"dayOfWeek":2,"startTime":"00:00","endTime":"00:00","byNotam":false,"sunrise":false,"sunset":false,"publicHolidaysExcluded":false},{"dayOfWeek":3,"startTime":"00:00","endTime":"00:00","byNotam":false,"sunrise":false,"sunset":false,"publicHolidaysExcluded":false},{"dayOfWeek":4,"startTime":"00:00","endTime":"00:00","byNotam":false,"sunrise":false,"sunset":false,"publicHolidaysExcluded":false},{"dayOfWeek":5,"startTime":"00:00","endTime":"00:00","byNotam":false,"sunrise":false,"sunset":false,"publicHolidaysExcluded":false},{"dayOfWeek":6,"startTime":"00:00","endTime":"00:00","byNotam":false,"sunrise":false,"sunset":false,"publicHolidaysExcluded":false}]},"deletable":true}},{"type":"Feature","geometry":{"type":"Polygon","coordinates":[[[-75.46545,5.080016239408534],[-75.4675506197468,5.079972407153171],[-75.4696475534397,5.07984098730162],[-75.47173712149745,5.079622210462429],[-75.47381565727267,5.079316460533217],[-75.4758795134902,5.078924274026551],[-75.4779250686516,5.078446339127851],[-75.47994873339397,5.077883494486958],[-75.4819469567924,5.077236727745514],[-75.48391623259458,5.076507173802738],[-75.4858531053768,5.075696112822647],[-75.48775417661062,5.0748049679862355],[-75.48961611062911,5.073835302992577],[-75.49143564048259,5.072788819313237],[-75.49320957367341,5.0716673532048375],[-75.4949347977596,5.070472872485026],[-75.49660828581769,5.06920747307753],[-75.49822710175509,5.067873375332376],[-75.49978840546243,5.066472920127745],[-75.50128945779718,5.065008564760318],[-75.50272762538971,5.063482878631382],[-75.50410038526307,5.061898538736205],[-75.5054053292587,5.06025832496471],[-75.50664016826033,5.0585651152216435],[-75.50780273620828,5.0568218803748435],[-75.50889099389757,5.055031679040505],[-75.50990303255313,5.053197652214582],[-75.51083707717541,5.051323017759787],[-75.51169148965114,5.049411064757869],[-75.51246477162346,5.0474651477370935],[-75.5131555671164,5.045488680785066],[-75.51376266490946,5.043485131557269],[-75.51428500065757,5.041458015191784],[-75.51472165875346,5.039410888140943],[-75.51507187392855,5.037347341930703],[-75.51533503259004,5.035270996858724],[-75.51551067389178,5.033185495642203],[-75.51559849053682,5.03109449702661],[-75.5155983293107,5.029001669366555],[-75.51551019134435,5.026910684190052],[-75.515334232106,5.0248252097574495],[-75.5150707611227,5.022748904626345],[-75.51472024143135,5.02068541123378],[-75.5142832887607,5.018638349506936],[-75.51376067044549,5.016611310513574],[-75.51315330407509,5.014607850163311],[-75.51246225587838,5.012631482970821],[-75.51168873884843,5.010685675891845],[-75.51083411060996,5.008773842242828],[-75.50989987103326,5.006899335714861],[-75.50888765959904,5.005065444492378],[-75.50779925251878,5.0032753854869325],[-75.50663655961546,5.001532298696144],[-75.50540162097049,4.9998392416977016],[-75.50409660334245,4.998199184288051],[-75.50272379636417,4.996615003275172],[-75.50128560852457,4.995089477434544],[-75.49978456294261,4.993625282637128],[-75.49822329294061,4.992224987157925],[-75.49660453742464,4.9908910471732595],[-75.49493113608024,4.989625802454735],[-75.49320602439184,4.988431472267345],[-75.49143222849447,4.987310151478939],[-75.4896128598671,4.986263806887849],[-75.4877511098765,4.985294273775094],[-75.4858502441815,4.984403252687184],[-75.48391359700734,4.983592306455189],[-75.48194456530003,4.982862857455227],[-75.47994660277105,4.982216185115214],[-75.47792321384293,4.981653423672209],[-75.47587794750596,4.9811755601842815],[-75.47381439109712,4.9807834328003775],[-75.47173616401193,4.980477729291208],[-75.46964691136026,4.980258985843742],[-75.46755029757718,4.980127586121374],[-75.46545,4.980083760591465],[-75.46334970242282,4.980127586121374],[-75.46125308863974,4.980258985843742],[-75.45916383598808,4.980477729291208],[-75.45708560890287,4.9807834328003775],[-75.45502205249403,4.9811755601842815],[-75.45297678615707,4.981653423672209],[-75.45095339722894,4.982216185115214],[-75.44895543469998,4.982862857455227],[-75.44698640299266,4.983592306455189],[-75.4450497558185,4.984403252687184],[-75.4431488901235,4.985294273775094],[-75.4412871401329,4.986263806887849],[-75.43946777150552,4.987310151478939],[-75.43769397560816,4.988431472267345],[-75.43596886391975,4.989625802454735],[-75.43429546257535,4.9908910471732595],[-75.43267670705939,4.992224987157925],[-75.4311154370574,4.993625282637128],[-75.42961439147544,4.995089477434544],[-75.42817620363583,4.996615003275172],[-75.42680339665755,4.998199184288051],[-75.42549837902952,4.9998392416977016],[-75.42426344038454,5.001532298696144],[-75.42310074748121,5.0032753854869325],[-75.42201234040095,5.005065444492378],[-75.42100012896674,5.006899335714861],[-75.42006588939003,5.008773842242828],[-75.41921126115156,5.010685675891845],[-75.41843774412162,5.012631482970821],[-75.4177466959249,5.014607850163311],[-75.4171393295545,5.016611310513574],[-75.4166167112393,5.018638349506936],[-75.41617975856865,5.02068541123378],[-75.4158292388773,5.022748904626345],[-75.415565767894,5.0248252097574495],[-75.41538980865565,5.026910684190052],[-75.41530167068929,5.029001669366555],[-75.41530150946318,5.03109449702661],[-75.41538932610821,5.033185495642203],[-75.41556496740996,5.035270996858724],[-75.41582812607146,5.037347341930703],[-75.41617834124654,5.039410888140943],[-75.41661499934243,5.041458015191784],[-75.41713733509053,5.043485131557269],[-75.4177444328836,5.045488680785066],[-75.41843522837654,5.0474651477370935],[-75.41920851034885,5.049411064757869],[-75.4200629228246,5.051323017759787],[-75.42099696744687,5.053197652214582],[-75.42200900610243,5.055031679040505],[-75.42309726379173,5.0568218803748435],[-75.42425983173966,5.0585651152216435],[-75.42549467074129,5.06025832496471],[-75.42679961473694,5.061898538736205],[-75.42817237461028,5.063482878631382],[-75.42961054220282,5.065008564760318],[-75.43111159453758,5.066472920127745],[-75.43267289824492,5.067873375332376],[-75.43429171418231,5.06920747307753],[-75.4359652022404,5.070472872485026],[-75.43769042632658,5.0716673532048375],[-75.4394643595174,5.072788819313237],[-75.44128388937088,5.073835302992577],[-75.44314582338937,5.0748049679862355],[-75.4450468946232,5.075696112822647],[-75.44698376740541,5.076507173802738],[-75.4489530432076,5.077236727745514],[-75.45095126660603,5.077883494486958],[-75.4529749313484,5.078446339127851],[-75.4550204865098,5.078924274026551],[-75.45708434272734,5.079316460533217],[-75.45916287850254,5.079622210462429],[-75.46125244656031,5.07984098730162],[-75.46334938025319,5.079972407153171],[-75.46545,5.080016239408534]]]},"properties":{"_id":"677d3568c4d29dbb7301a4c6","createdBy":"OPONcQnzWGOLiJSceNaf8pvx1fA2","createdAt":"2025-01-07T14:08:40.129Z","updatedBy":"OPONcQnzWGOLiJSceNaf8pvx1fA2","updatedAt":"2025-01-07T14:10:09.643Z","name":"SKMZ / MANIZALES","dataIngestion":true,"type":4,"icaoClass":3,"activity":0,"onDemand":false,"onRequest":false,"byNotam":false,"specialAgreement":false,"requestCompliance":false,"country":"CO","upperLimit":{"value":8500,"unit":1,"referenceDatum":1},"lowerLimit":{"value":0,"unit":1,"referenceDatum":0},"hoursOfOperation":{"operatingHours":[{"dayOfWeek":0,"startTime":"00:00","endTime":"00:00","byNotam":false,"sunrise":false,"sunset":false,"publicHolidaysExcluded":false},{"dayOfWeek":1,"startTime":"00:00","endTime":"00:00","byNotam":false,"sunrise":false,"sunset":false,"publicHolidaysExcluded":false},{"dayOfWeek":2,"startTime":"00:00","endTime":"00:00","byNotam":false,"sunrise":false,"sunset":false,"publicHolidaysExcluded":false},{"dayOfWeek":3,"startTime":"00:00","endTime":"00:00","byNotam":false,"sunrise":false,"sunset":false,"publicHolidaysExcluded":false},{"dayOfWeek":4,"startTime":"00:00","endTime":"00:00","byNotam":false,"sunrise":false,"sunset":false,"publicHolidaysExcluded":false},{"dayOfWeek":5,"startTime":"00:00","endTime":"00:00","byNotam":false,"sunrise":false,"sunset":false,"publicHolidaysExcluded":false},{"dayOfWeek":6,"startTime":"00:00","endTime":"00:00","byNotam":false,"sunrise":false,"sunset":false,"publicHolidaysExcluded":false}]},"deletable":true}},{"type":"Feature","geometry":{"type":"Polygon","coordinates":[[[-75.30319,3.0781],[-75.31973,3.0295],[-75.32109533572356,3.029147256066781],[-75.32437838502956,3.0279457857155236],[-75.32760816407144,3.026608071895289],[-75.33077900573521,3.0251364619099714],[-75.3338853463913,3.023533538002355],[-75.33692173566128,3.021802112820096],[-75.33988284598546,3.019945224477239],[-75.34276348197407,3.0179661312199637],[-75.34555858952591,3.0158683057059683],[-75.34826326469837,3.01365542890753],[-75.3508727623131,3.011331383649003],[-75.35338250428238,3.00890024779011],[-75.35578808764157,3.0063662870670167],[-75.35808529227334,3.003733947603813],[-75.36027008831039,3.0010078481075384],[-75.36233864320356,2.998192771760505],[-75.3642873284429,2.9952936578241696],[-75.36611272592006,2.9923155929693164],[-75.36781163392075,2.9892638023477995],[-75.3693810727367,2.98614364042153],[-75.3708182898878,2.9829605815648437],[-75.37212076494444,2.9797202104567466],[-75.37328621394262,2.9764282122799304],[-75.37431259338334,2.9730903627437826],[-75.37519810380967,2.9697125179488912],[-75.37594119295541,2.9663006041108817],[-75.37654055845948,2.9628606071615984],[-75.3769951501417,2.959398562245904],[-75.3773041718358,2.9559205431325326],[-75.37746708277676,2.952432651557581],[-75.37748359853984,2.948941006519335],[-75.37735369152978,2.945451733543223],[-75.37707759101963,2.9419709539357215],[-75.37665578273894,2.938504774046067],[-75.37608900801209,2.9350592745546034],[-75.37537826244859,2.9316404998065466],[-75.37452479418742,2.9282544472098833],[-75.37353010169879,2.924907056715962],[-75.372395931147,2.921604200401242],[-75.37112427331937,2.91835167216844],[-75.36971736012633,2.915155177585133],[-75.36817766067925,2.912020323877617],[-75.36650787695258,2.9089526100975456],[-75.36471093903816,2.905957417478593],[-75.36279,2.90304],[-75.37354,2.87149],[-75.3262,2.85537],[-75.27887,2.83926],[-75.26804,2.87105],[-75.26725161847578,2.8713360325441615],[-75.26396467665892,2.8725247417482556],[-75.26073045121929,2.873849868858299],[-75.25755461511623,2.875309089622499],[-75.25444273895579,2.87689984458199],[-75.25140028122398,2.8786193435575202],[-75.24843257871652,2.880464570540668],[-75.24554483718107,2.882432288981007],[-75.24274212218906,2.884519047459988],[-75.24002935025239,2.886721185741606],[-75.23741128020129,2.889034841189263],[-75.23489250483772,2.8914559555376],[-75.23247744287957,2.893980282007454],[-75.23017033120927,2.8966033927514765],[-75.22797521744077,2.8993206866173975],[-75.2258959528178,2.9021273972153345],[-75.22393618545567,2.9050186012750365],[-75.22209935393896,2.9079892272784202],[-75.22038868128571,2.9110340643523025],[-75.21880716928942,2.9141477714057404],[-75.2173575932481,2.9173248864959924],[-75.21604249709017,2.920559836406696],[-75.21486418890574,2.9238469464214747],[-75.21382473689067,2.927180450275881],[-75.2129259657113,2.930554500270203],[-75.21216945329567,2.93396317752546],[-75.21155652805714,2.9374005023645733],[-75.21108826655548,2.940860444800555],[-75.21076549159932,2.9443369351133093],[-75.21058877079345,2.9478238744965126],[-75.21055841553377,2.9513151457559084],[-75.2106744804513,2.954804624040254],[-75.21093676330685,2.9582861875861024],[-75.21134480533591,2.9617537284575706],[-75.21189789204406,2.965201163262262],[-75.21259505445072,2.9686224438245237],[-75.21343507077974,2.972011567797333],[-75.21441646859371,2.97536258919417],[-75.2155375273683,2.978669628822399],[-75.21679628150211,2.981926884599835],[-75.21819052375704,2.985128641736388],[-75.21971780912303,2.9882692827628983],[-75.22137545910036,2.991343297389546],[-75.22316056639234,2.9943452921765297],[-75.22507,2.99727],[-75.20853,3.04586],[-75.25583,3.06194],[-75.30319,3.0781]]]},"properties":{"_id":"677d3569c4d29dbb7301a5b6","createdBy":"OPONcQnzWGOLiJSceNaf8pvx1fA2","createdAt":"2025-01-07T14:08:41.467Z","updatedBy":"OPONcQnzWGOLiJSceNaf8pvx1fA2","updatedAt":"2025-01-07T14:10:23.642Z","name":"SKNV / NEIVA","dataIngestion":true,"type":4,"icaoClass":3,"activity":0,"onDemand":false,"onRequest":false,"byNotam":false,"specialAgreement":false,"requestCompliance":false,"country":"CO","upperLimit":{"value":3500,"unit":1,"referenceDatum":1},"lowerLimit":{"value":0,"unit":1,"referenceDatum":0},"hoursOfOperation":{"operatingHours":[{"dayOfWeek":0,"startTime":"00:00","endTime":"00:00","byNotam":false,"sunrise":false,"sunset":false,"publicHolidaysExcluded":false},{"dayOfWeek":1,"startTime":"00:00","endTime":"00:00","byNotam":false,"sunrise":false,"sunset":false,"publicHolidaysExcluded":false},{"dayOfWeek":2,"startTime":"00:00","endTime":"00:00","byNotam":false,"sunrise":false,"sunset":false,"publicHolidaysExcluded":false},{"dayOfWeek":3,"startTime":"00:00","endTime":"00:00","byNotam":false,"sunrise":false,"sunset":false,"publicHolidaysExcluded":false},{"dayOfWeek":4,"startTime":"00:00","endTime":"00:00","byNotam":false,"sunrise":false,"sunset":false,"publicHolidaysExcluded":false},{"dayOfWeek":5,"startTime":"00:00","endTime":"00:00","byNotam":false,"sunrise":false,"sunset":false,"publicHolidaysExcluded":false},{"dayOfWeek":6,"startTime":"00:00","endTime":"00:00","byNotam":false,"sunrise":false,"sunset":false,"publicHolidaysExcluded":false}]},"deletable":true}},{"type":"Feature","geometry":{"type":"Polygon","coordinates":[[[-75.23361,0.9087741313617845],[-75.24058543044639,0.9086280291802273],[-75.24754862203083,0.9081899789838401],[-75.25448735737545,0.9074607493674486],[-75.26138946203267,0.906441619823131],[-75.26824282585592,0.9051343784940435],[-75.27503542425717,0.9035413190353151],[-75.2817553393139,0.9016652365875408],[-75.2883907806884,0.8995094228699618],[-75.29493010632254,0.8970776604019753],[-75.3013618428716,0.8943742158631427],[-75.30767470584142,0.8914038326033911],[-75.31385761939318,0.8881717223165893],[-75.31989973578109,0.8846835558921542],[-75.32579045438906,0.88094545346079],[-75.33151944033263,0.8769639736518727],[-75.33707664259352,0.8727461020813865],[-75.34245231165511,0.8682992390906598],[-75.34763701660788,0.8636311867574717],[-75.35262166169463,0.8587501352023684],[-75.35739750226656,0.8536646482142733],[-75.36195616012247,0.8483836482206588],[-75.36628963820374,0.8429164006287039],[-75.37039033461973,0.8372724975649551],[-75.37425105597899,0.8314618410420667],[-75.37786503000274,0.8254946255821944],[-75.38122591739882,0.8193813203275682],[-75.38432782297525,0.8131326506696631],[-75.38716530597391,0.8067595794292294],[-75.38973338960642,0.8002732876202266],[-75.3920275697756,0.7936851548314282],[-75.39404382296706,0.787006739260133],[-75.3957786132976,0.7802497574330229],[-75.39722889870761,0.7734260636497509],[-75.39839213628734,0.7665476291853249],[-75.39926628672713,0.7596265212877703],[-75.3998498178843,0.7526748820079102],[-75.40014170746063,0.7457049068983926],[-75.40014144478528,0.738728823619316],[-75.39984903170071,0.7317588704879687],[-75.39926498254972,0.7248072750102911],[-75.39839032326391,0.7178862324316956],[-75.39722658955502,0.7110078843448487],[-75.3957758242127,0.7041842973919097],[-75.39404057351311,0.6974274420985617],[-75.3920238827449,0.6907491718769289],[-75.38972929086059,0.6841612022341859],[-75.38716082426241,0.6776750902232961],[-75.3843229897338,0.6713022141718954],[-75.38122076652887,0.6650537537248506],[-75.37785959763367,0.6589406702354643],[-75.37424538021473,0.6529736875397043],[-75.37038445527146,0.6471632731471412],[-75.3662835965107,0.6415196198815729],[-75.36194999846266,0.6360526280035099],[-75.35739126385947,0.6307718878458566],[-75.35261539029815,0.6256866629932344],[-75.34763075621137,0.6208058740344264],[-75.34244610617074,0.6161380829164307],[-75.3370705355484,0.6116914779275531],[-75.33151347456345,0.6074738593358683],[-75.32578467174153,0.6034926257082315],[-75.31989417681655,0.5997547609338304],[-75.31385232310399,0.5962668219750352],[-75.30766970937749,0.5930349273670263],[-75.3013571812798,0.5900647464863729],[-75.29492581230087,0.5873614896073825],[-75.28838688435663,0.5849298987636657],[-75.28175186800225,0.5827742394309462],[-75.27503240231466,0.580898293045705],[-75.26824027447954,0.5793053503727873],[-75.2613873991187,0.5779982057336057],[-75.25448579739393,0.5769791521050671],[-75.24754757592403,0.5762499770978231],[-75.24058490555208,0.5758119598209008],[-75.23361,0.5756658686382157],[-75.22663509444791,0.5758119598209008],[-75.21967242407598,0.5762499770978231],[-75.21273420260609,0.5769791521050671],[-75.20583260088131,0.5779982057336057],[-75.19897972552046,0.5793053503727873],[-75.19218759768535,0.580898293045705],[-75.18546813199775,0.5827742394309462],[-75.17883311564337,0.5849298987636657],[-75.17229418769914,0.5873614896073825],[-75.1658628187202,0.5900647464863729],[-75.1595502906225,0.5930349273670263],[-75.15336767689602,0.5962668219750352],[-75.14732582318345,0.5997547609338304],[-75.14143532825847,0.6034926257082313],[-75.13570652543655,0.6074738593358683],[-75.13014946445159,0.6116914779275531],[-75.12477389382926,0.6161380829164307],[-75.11958924378864,0.6208058740344264],[-75.11460460970184,0.6256866629932344],[-75.10982873614053,0.6307718878458566],[-75.10527000153735,0.6360526280035099],[-75.1009364034893,0.6415196198815731],[-75.09683554472853,0.647163273147141],[-75.09297461978528,0.6529736875397042],[-75.08936040236634,0.6589406702354643],[-75.08599923347114,0.6650537537248503],[-75.0828970102662,0.6713022141718954],[-75.08005917573759,0.6776750902232961],[-75.07749070913941,0.6841612022341859],[-75.07519611725512,0.6907491718769289],[-75.0731794264869,0.6974274420985617],[-75.07144417578729,0.7041842973919097],[-75.06999341044498,0.7110078843448485],[-75.0688296767361,0.7178862324316957],[-75.06795501745027,0.7248072750102911],[-75.06737096829929,0.7317588704879687],[-75.06707855521472,0.738728823619316],[-75.06707829253936,0.7457049068983926],[-75.0673701821157,0.7526748820079102],[-75.06795371327289,0.7596265212877702],[-75.06882786371266,0.7665476291853249],[-75.0699911012924,0.7734260636497509],[-75.07144138670242,0.7802497574330228],[-75.07317617703295,0.7870067392601332],[-75.0751924302244,0.7936851548314282],[-75.07748661039358,0.8002732876202264],[-75.08005469402609,0.8067595794292294],[-75.08289217702475,0.8131326506696629],[-75.08599408260118,0.8193813203275682],[-75.08935496999727,0.8254946255821944],[-75.09296894402102,0.8314618410420667],[-75.09682966538027,0.8372724975649551],[-75.10093036179627,0.8429164006287038],[-75.10526383987752,0.8483836482206588],[-75.10982249773345,0.8536646482142732],[-75.11459833830538,0.8587501352023683],[-75.11958298339214,0.8636311867574717],[-75.1247676883449,0.8682992390906598],[-75.1301433574065,0.8727461020813865],[-75.13570055966738,0.8769639736518727],[-75.14142954561093,0.8809454534607899],[-75.14732026421892,0.8846835558921542],[-75.15336238060682,0.8881717223165893],[-75.15954529415858,0.8914038326033912],[-75.16585815712841,0.8943742158631427],[-75.17228989367747,0.8970776604019753],[-75.17882921931161,0.8995094228699618],[-75.1854646606861,0.901665236587541],[-75.19218457574283,0.9035413190353151],[-75.19897717414408,0.9051343784940435],[-75.20583053796733,0.906441619823131],[-75.21273264262454,0.9074607493674486],[-75.21967137796916,0.9081899789838401],[-75.22663456955362,0.9086280291802273],[-75.23361,0.9087741313617845]]]},"properties":{"_id":"677d3568c4d29dbb7301a55f","createdBy":"OPONcQnzWGOLiJSceNaf8pvx1fA2","createdAt":"2025-01-07T14:08:40.957Z","updatedBy":"OPONcQnzWGOLiJSceNaf8pvx1fA2","updatedAt":"2025-01-07T14:10:19.485Z","name":"SKP28 / TRES ESQUINAS","dataIngestion":true,"type":3,"icaoClass":8,"activity":0,"onDemand":false,"onRequest":false,"byNotam":false,"specialAgreement":false,"requestCompliance":false,"country":"CO","upperLimit":{"value":9000,"unit":1,"referenceDatum":1},"lowerLimit":{"value":0,"unit":1,"referenceDatum":0},"hoursOfOperation":{"operatingHours":[{"dayOfWeek":0,"startTime":"00:00","endTime":"00:00","byNotam":false,"sunrise":false,"sunset":false,"publicHolidaysExcluded":false},{"dayOfWeek":1,"startTime":"00:00","endTime":"00:00","byNotam":false,"sunrise":false,"sunset":false,"publicHolidaysExcluded":false},{"dayOfWeek":2,"startTime":"00:00","endTime":"00:00","byNotam":false,"sunrise":false,"sunset":false,"publicHolidaysExcluded":false},{"dayOfWeek":3,"startTime":"00:00","endTime":"00:00","byNotam":false,"sunrise":false,"sunset":false,"publicHolidaysExcluded":false},{"dayOfWeek":4,"startTime":"00:00","endTime":"00:00","byNotam":false,"sunrise":false,"sunset":false,"publicHolidaysExcluded":false},{"dayOfWeek":5,"startTime":"00:00","endTime":"00:00","byNotam":false,"sunrise":false,"sunset":false,"publicHolidaysExcluded":false},{"dayOfWeek":6,"startTime":"00:00","endTime":"00:00","byNotam":false,"sunrise":false,"sunset":false,"publicHolidaysExcluded":false}]},"deletable":true}},{"type":"Feature","geometry":{"type":"Polygon","coordinates":[[[-73.48806,4.0175],[-73.49004338401598,4.02194093547472],[-73.49183862331964,4.026460822383118],[-73.4934425658251,4.031051732583537],[-73.49485239483968,4.035705613222518],[-73.49606563402466,4.0404143008539215],[-73.49708015176027,4.045169535752874],[-73.49789416490727,4.049962976399502],[-73.49850624195813,4.05478621410709],[-73.49891530557227,4.0596307877690245],[-73.49912063449084,4.064488198698725],[-73.4991218648272,4.069349925536518],[-73.498918990731,4.074207439197376],[-73.49851236442434,4.0790522178332544],[-73.49790269560985,4.083875761783833],[-73.49709105025136,4.08866960848943],[-73.49607884872931,4.093425347339877],[-73.4948678633741,4.09813463443336],[-73.49417,4.1],[-73.6125,4.10639],[-73.61364691078087,4.1008837965832585],[-73.6148680544367,4.091210718284017],[-73.61568200433051,4.081495118597295],[-73.61608734729991,4.071754042942379],[-73.61608338710235,4.062004580810084],[-73.61567014553164,4.052263835782132],[-73.61484836227558,4.042548895530168],[-73.61361949351576,4.032876801847022],[-73.61198570927243,4.02326452076264],[-73.60994988950013,4.013728912797041],[-73.60751561894125,4.004286703402255],[-73.60468718074743,3.994954453644989],[-73.60146954888049,3.985748531181205],[-73.59786837930662,3.976685081573301],[-73.59389,3.96778],[-73.48806,4.0175]]]},"properties":{"_id":"677d3568c4d29dbb7301a562","createdBy":"OPONcQnzWGOLiJSceNaf8pvx1fA2","createdAt":"2025-01-07T14:08:40.977Z","updatedBy":"OPONcQnzWGOLiJSceNaf8pvx1fA2","updatedAt":"2025-01-07T14:10:19.674Z","name":"SKP29 / APIAY","dataIngestion":true,"type":3,"icaoClass":8,"activity":0,"onDemand":false,"onRequest":false,"byNotam":false,"specialAgreement":false,"requestCompliance":false,"country":"CO","upperLimit":{"value":10500,"unit":1,"referenceDatum":1},"lowerLimit":{"value":0,"unit":1,"referenceDatum":0},"hoursOfOperation":{"operatingHours":[{"dayOfWeek":0,"startTime":"00:00","endTime":"00:00","byNotam":false,"sunrise":false,"sunset":false,"publicHolidaysExcluded":false},{"dayOfWeek":1,"startTime":"00:00","endTime":"00:00","byNotam":false,"sunrise":false,"sunset":false,"publicHolidaysExcluded":false},{"dayOfWeek":2,"startTime":"00:00","endTime":"00:00","byNotam":false,"sunrise":false,"sunset":false,"publicHolidaysExcluded":false},{"dayOfWeek":3,"startTime":"00:00","endTime":"00:00","byNotam":false,"sunrise":false,"sunset":false,"publicHolidaysExcluded":false},{"dayOfWeek":4,"startTime":"00:00","endTime":"00:00","byNotam":false,"sunrise":false,"sunset":false,"publicHolidaysExcluded":false},{"dayOfWeek":5,"startTime":"00:00","endTime":"00:00","byNotam":false,"sunrise":false,"sunset":false,"publicHolidaysExcluded":false},{"dayOfWeek":6,"startTime":"00:00","endTime":"00:00","byNotam":false,"sunrise":false,"sunset":false,"publicHolidaysExcluded":false}]},"deletable":true}},{"type":"Feature","geometry":{"type":"Polygon","coordinates":[[[-74.64889,4.309951652544714],[-74.65168773614144,4.309893208970177],[-74.65448056282115,4.30971798080338],[-74.65726357919935,4.309426275534666],[-74.66003190166504,4.309018605047882],[-74.66278067241235,4.3084956847214055],[-74.66550506797162,4.3078584321717965],[-74.6682003076798,4.307107965642301],[-74.67086166207541,4.306245602039026],[-74.67348446120356,4.305272854618264],[-74.6760641028158,4.304191430329032],[-74.67859606045103,4.303003226815506],[-74.68107589138262,4.301710329084639],[-74.68349924441827,4.300315005844825],[-74.68586186753856,4.298819705522071],[-74.68815961536087,4.29722705196066],[-74.69038845641568,4.295539839815926],[-74.69254448022194,4.293761029647212],[-74.69462390414996,4.291893742719664],[-74.69662308005886,4.28994125552402],[-74.69853850069742,4.287906994024034],[-74.70036680585716,4.285794527641649],[-74.70210478826642,4.28360756299052],[-74.70374939921567,4.281349937368911],[-74.70529775390358,4.2790256120233945],[-74.70674713649515,4.2766386651952315],[-74.70809500488248,4.27419328496163],[-74.70933899514014,4.271693761884495],[-74.71047692566732,4.269144481479589],[-74.7115068010095,4.266549916519322],[-74.71242681535311,4.263914619182729],[-74.71323535568658,4.2612432130663995],[-74.71393100462328,4.2585403850704235],[-74.71451254288026,4.255810877173586],[-74.71497895140953,4.253059478112257],[-74.71532941317737,4.250291014977607],[-74.71556331458937,4.24751034474588],[-74.71568024655798,4.2447223457566],[-74.71568000521155,4.241931909153666],[-74.7155625922429,4.239143930304363],[-74.71532821489762,4.236363300211323],[-74.71497728560155,4.2335948969325266],[-74.71451042122847,4.230843577024373],[-74.71392844200949,4.228114167022832],[-74.71323237008569,4.225411454977611],[-74.71242342770691,4.222740182054184],[-74.71150303507989,4.220105034218394],[-74.71047280786948,4.217510634018189],[-74.70933455435747,4.214961532476935],[-74.70809027226383,4.212462201112445],[-74.7067421452364,4.210017024095755],[-74.70529253901478,4.207630290563354],[-74.7037439972755,4.205306187096336],[-74.7020992371656,4.203048790379644],[-74.70036114453261,4.2008620600542494],[-74.69853276885927,4.198749831774789],[-74.69661731791182,4.1967158104848],[-74.69461815211137,4.194763563921325],[-74.6925387786382,4.192896516360254],[-74.6903828452793,4.191117942613342],[-74.68815413403001,4.189430962287405],[-74.6858565544608,4.187838534315743],[-74.68349413686107,4.186343451771336],[-74.68107102517187,4.18494833697091],[-74.67859146971973,4.183655636878413],[-74.67605981976469,4.182467618815949],[-74.67348051587517,4.18138636648966],[-74.67085808214345,4.1804137763375255],[-74.66819711825497,4.179551554205432],[-74.66550229142548,4.178801212357349],[-74.6627783282204,4.1781640668248325],[-74.66003000627012,4.177641235100479],[-74.65726214589634,4.177233634179367],[-74.65447960166365,4.176941978951918],[-74.6516872538713,4.176766780950976],[-74.64889,4.176708347455287],[-74.64609274612867,4.176766780950976],[-74.64330039833632,4.176941978951918],[-74.64051785410363,4.177233634179367],[-74.63774999372987,4.177641235100479],[-74.63500167177958,4.1781640668248325],[-74.63227770857449,4.178801212357349],[-74.62958288174501,4.179551554205432],[-74.62692191785652,4.1804137763375255],[-74.6242994841248,4.18138636648966],[-74.62172018023529,4.182467618815949],[-74.61918853028024,4.183655636878413],[-74.6167089748281,4.18494833697091],[-74.6142858631389,4.186343451771336],[-74.61192344553918,4.187838534315743],[-74.60962586596996,4.189430962287405],[-74.60739715472067,4.191117942613342],[-74.6052412213618,4.192896516360254],[-74.60316184788861,4.194763563921325],[-74.60116268208816,4.1967158104848],[-74.59924723114071,4.198749831774789],[-74.59741885546737,4.2008620600542494],[-74.59568076283438,4.203048790379644],[-74.59403600272448,4.205306187096336],[-74.5924874609852,4.207630290563354],[-74.59103785476357,4.210017024095755],[-74.58968972773614,4.212462201112445],[-74.5884454456425,4.214961532476935],[-74.5873071921305,4.217510634018189],[-74.58627696492009,4.220105034218394],[-74.58535657229307,4.222740182054184],[-74.58454762991428,4.225411454977611],[-74.58385155799049,4.228114167022832],[-74.5832695787715,4.230843577024373],[-74.58280271439843,4.2335948969325266],[-74.58245178510235,4.236363300211323],[-74.58221740775708,4.239143930304363],[-74.58209999478844,4.241931909153666],[-74.582099753442,4.2447223457566],[-74.5822166854106,4.24751034474588],[-74.5824505868226,4.250291014977607],[-74.58280104859045,4.253059478112257],[-74.58326745711972,4.255810877173586],[-74.5838489953767,4.2585403850704235],[-74.58454464431341,4.2612432130663995],[-74.58535318464686,4.263914619182729],[-74.58627319899047,4.266549916519322],[-74.58730307433265,4.269144481479589],[-74.58844100485983,4.271693761884495],[-74.5896849951175,4.27419328496163],[-74.59103286350482,4.2766386651952315],[-74.59248224609641,4.2790256120233945],[-74.59403060078431,4.281349937368911],[-74.59567521173355,4.28360756299052],[-74.59741319414282,4.285794527641649],[-74.59924149930255,4.287906994024034],[-74.60115691994112,4.28994125552402],[-74.60315609585001,4.291893742719664],[-74.60523551977803,4.293761029647212],[-74.60739154358431,4.295539839815926],[-74.6096203846391,4.29722705196066],[-74.61191813246141,4.298819705522071],[-74.61428075558172,4.300315005844825],[-74.61670410861736,4.301710329084639],[-74.61918393954895,4.303003226815506],[-74.62171589718417,4.304191430329032],[-74.62429553879642,4.305272854618264],[-74.62691833792456,4.306245602039026],[-74.62957969232018,4.307107965642301],[-74.63227493202835,4.3078584321717965],[-74.63499932758762,4.3084956847214055],[-74.63774809833494,4.309018605047882],[-74.64051642080062,4.309426275534666],[-74.64329943717883,4.30971798080338],[-74.64609226385853,4.309893208970177],[-74.64889,4.309951652544714]]]},"properties":{"_id":"677d3568c4d29dbb7301a54a","createdBy":"OPONcQnzWGOLiJSceNaf8pvx1fA2","createdAt":"2025-01-07T14:08:40.844Z","updatedBy":"OPONcQnzWGOLiJSceNaf8pvx1fA2","updatedAt":"2025-01-07T14:10:18.479Z","name":"SKP30 / TOLEMAIDA","dataIngestion":true,"type":3,"icaoClass":8,"activity":0,"onDemand":false,"onRequest":false,"byNotam":false,"specialAgreement":false,"requestCompliance":false,"country":"CO","upperLimit":{"value":8500,"unit":1,"referenceDatum":1},"lowerLimit":{"value":0,"unit":1,"referenceDatum":0},"hoursOfOperation":{"operatingHours":[{"dayOfWeek":0,"startTime":"00:00","endTime":"00:00","byNotam":false,"sunrise":false,"sunset":false,"publicHolidaysExcluded":false},{"dayOfWeek":1,"startTime":"00:00","endTime":"00:00","byNotam":false,"sunrise":false,"sunset":false,"publicHolidaysExcluded":false},{"dayOfWeek":2,"startTime":"00:00","endTime":"00:00","byNotam":false,"sunrise":false,"sunset":false,"publicHolidaysExcluded":false},{"dayOfWeek":3,"startTime":"00:00","endTime":"00:00","byNotam":false,"sunrise":false,"sunset":false,"publicHolidaysExcluded":false},{"dayOfWeek":4,"startTime":"00:00","endTime":"00:00","byNotam":false,"sunrise":false,"sunset":false,"publicHolidaysExcluded":false},{"dayOfWeek":5,"startTime":"00:00","endTime":"00:00","byNotam":false,"sunrise":false,"sunset":false,"publicHolidaysExcluded":false},{"dayOfWeek":6,"startTime":"00:00","endTime":"00:00","byNotam":false,"sunrise":false,"sunset":false,"publicHolidaysExcluded":false}]},"deletable":true}},{"type":"Feature","geometry":{"type":"Polygon","coordinates":[[[-74.66056,5.603807891953251],[-74.66546563443072,5.603705604436721],[-74.67036265759954,5.603398921441585],[-74.67524247338814,5.602888381315425],[-74.68009651593853,5.6021748802521945],[-74.6849162647162,5.6012596707161535],[-74.68969325949288,5.600144359239283],[-74.6944191152227,5.5988309035961],[-74.69908553678475,5.597321609360856],[-74.70368433356678,5.59561912585324],[-74.70820743386355,5.5937264414797605],[-74.7126468990647,5.59164687847905],[-74.71699493760687,5.589384087080432],[-74.72124391866573,5.586942039086039],[-74.72538638556323,5.58432502088791],[-74.72941506886693,5.581537625932375],[-74.73332289915794,5.5785847466450935],[-74.73710301944507,5.57547156583101],[-74.7407487972035,5.57220354756448],[-74.74425383601645,5.568786427585615],[-74.7476119867998,5.565226203219884],[-74.75081735858947,5.561529122838732],[-74.75386432887316,5.557701674879897],[-74.75674755344798,5.553750576446743],[-74.75946197578685,5.549682761506805],[-74.76200283589729,5.5455053687103355],[-74.76436567865736,5.541225728850339],[-74.76654636161362,5.53685135198624],[-74.76854106222868,5.532389914253857],[-74.77034628456433,5.527849244384938],[-74.77195886539005,5.52323730996],[-74.7733759797055,5.518562203418676],[-74.77459514566779,5.513832127852197],[-74.77561422891516,5.509055382603016],[-74.77643144627957,5.504240348696865],[-74.77704536888197,5.499395474132906],[-74.7774549246051,5.494529259057766],[-74.77765939993964,5.489650240849569],[-74.77765844120081,5.484766979138073],[-74.77745205511343,5.479888040787279],[-74.77704060876478,5.475021984866811],[-74.77642482892544,5.470177347638443],[-74.77560580073978,5.465362627584082],[-74.77458496578843,5.460586270501463],[-74.77336411952629,5.455856654693633],[-74.77194540810117,5.4511820762781955],[-74.77033132455851,5.446570734641984],[-74.76852470443912,5.442030718066681],[-74.76652872077796,5.437569989550444],[-74.76434687851284,5.4331963728504125],[-74.76198300831301,5.428917538770431],[-74.7594412598386,5.424740991717984],[-74.75672609444285,5.4206740565538185],[-74.75384227733034,5.416723865757209],[-74.75079486918442,5.412897346929293],[-74.74758921727934,5.409201210656268],[-74.74423094609233,5.405641938753632],[-74.74072594743204,5.402225772911996],[-74.73708037010107,5.39895870376424],[-74.73330060911042,5.395846460393081],[-74.7293932944648,5.3928945002973725],[-74.72536527953855,5.390107999834578],[-74.72122362906246,5.387491845156112],[-74.71697560674244,5.385050623651309],[-74.71262866253169,5.382788615914948],[-74.70819041957863,5.380709788252308],[-74.7036686608734,5.378817785734811],[-74.69907131561612,5.377115925818329],[-74.6944064453306,5.375607192535297],[-74.68968222974796,5.374294231270691],[-74.68490695248461,5.373179344131033],[-74.68008898653929,5.372264485914388],[-74.67523677963489,5.371551260688466],[-74.6703588394301,5.371040918982705],[-74.66546371862697,5.370734355599272],[-74.66056,5.370632108046751],[-74.65565628137304,5.370734355599272],[-74.6507611605699,5.371040918982705],[-74.64588322036512,5.371551260688466],[-74.6410310134607,5.372264485914388],[-74.6362130475154,5.373179344131033],[-74.63143777025203,5.374294231270691],[-74.62671355466941,5.375607192535297],[-74.62204868438388,5.377115925818329],[-74.61745133912659,5.378817785734811],[-74.61292958042138,5.380709788252308],[-74.60849133746831,5.382788615914948],[-74.60414439325756,5.385050623651309],[-74.59989637093753,5.387491845156112],[-74.59575472046144,5.390107999834578],[-74.59172670553521,5.3928945002973725],[-74.58781939088958,5.395846460393081],[-74.58403962989892,5.39895870376424],[-74.58039405256795,5.402225772911996],[-74.57688905390768,5.405641938753632],[-74.57353078272067,5.409201210656268],[-74.57032513081559,5.412897346929293],[-74.56727772266967,5.416723865757209],[-74.56439390555715,5.4206740565538185],[-74.56167874016141,5.424740991717984],[-74.559136991687,5.428917538770431],[-74.55677312148715,5.4331963728504125],[-74.55459127922204,5.437569989550444],[-74.55259529556089,5.442030718066681],[-74.55078867544148,5.446570734641984],[-74.54917459189883,5.4511820762781955],[-74.54775588047372,5.455856654693633],[-74.54653503421157,5.460586270501463],[-74.54551419926021,5.465362627584082],[-74.54469517107457,5.470177347638443],[-74.54407939123523,5.475021984866811],[-74.54366794488656,5.479888040787279],[-74.54346155879918,5.484766979138073],[-74.54346060006037,5.489650240849569],[-74.5436650753949,5.494529259057766],[-74.54407463111804,5.499395474132906],[-74.54468855372043,5.504240348696865],[-74.54550577108485,5.509055382603016],[-74.5465248543322,5.513832127852197],[-74.5477440202945,5.518562203418676],[-74.54916113460995,5.52323730996],[-74.55077371543567,5.527849244384938],[-74.55257893777133,5.532389914253857],[-74.55457363838639,5.53685135198624],[-74.55675432134265,5.541225728850339],[-74.5591171641027,5.5455053687103355],[-74.56165802421316,5.549682761506805],[-74.56437244655203,5.553750576446743],[-74.56725567112683,5.557701674879897],[-74.57030264141054,5.561529122838732],[-74.5735080132002,5.565226203219884],[-74.57686616398354,5.568786427585615],[-74.5803712027965,5.57220354756448],[-74.58401698055494,5.57547156583101],[-74.58779710084207,5.578584746645092],[-74.59170493113307,5.581537625932375],[-74.59573361443677,5.58432502088791],[-74.59987608133427,5.586942039086039],[-74.60412506239314,5.589384087080432],[-74.6084731009353,5.59164687847905],[-74.61291256613644,5.5937264414797605],[-74.61743566643321,5.59561912585324],[-74.62203446321524,5.597321609360856],[-74.6267008847773,5.5988309035961],[-74.63142674050711,5.600144359239283],[-74.63620373528381,5.6012596707161535],[-74.64102348406146,5.6021748802521945],[-74.64587752661187,5.602888381315425],[-74.65075734240045,5.603398921441585],[-74.65565436556928,5.603705604436721],[-74.66056,5.603807891953251]]]},"properties":{"_id":"677d3568c4d29dbb7301a4c0","createdBy":"OPONcQnzWGOLiJSceNaf8pvx1fA2","createdAt":"2025-01-07T14:08:40.086Z","updatedBy":"OPONcQnzWGOLiJSceNaf8pvx1fA2","updatedAt":"2025-01-07T14:10:09.300Z","name":"SKP31 / PALANQUERO","dataIngestion":true,"type":3,"icaoClass":8,"activity":0,"onDemand":false,"onRequest":false,"byNotam":false,"specialAgreement":false,"requestCompliance":false,"country":"CO","upperLimit":{"value":14000,"unit":1,"referenceDatum":1},"lowerLimit":{"value":0,"unit":1,"referenceDatum":0},"hoursOfOperation":{"operatingHours":[{"dayOfWeek":0,"startTime":"00:00","endTime":"00:00","byNotam":false,"sunrise":false,"sunset":false,"publicHolidaysExcluded":false},{"dayOfWeek":1,"startTime":"00:00","endTime":"00:00","byNotam":false,"sunrise":false,"sunset":false,"publicHolidaysExcluded":false},{"dayOfWeek":2,"startTime":"00:00","endTime":"00:00","byNotam":false,"sunrise":false,"sunset":false,"publicHolidaysExcluded":false},{"dayOfWeek":3,"startTime":"00:00","endTime":"00:00","byNotam":false,"sunrise":false,"sunset":false,"publicHolidaysExcluded":false},{"dayOfWeek":4,"startTime":"00:00","endTime":"00:00","byNotam":false,"sunrise":false,"sunset":false,"publicHolidaysExcluded":false},{"dayOfWeek":5,"startTime":"00:00","endTime":"00:00","byNotam":false,"sunrise":false,"sunset":false,"publicHolidaysExcluded":false},{"dayOfWeek":6,"startTime":"00:00","endTime":"00:00","byNotam":false,"sunrise":false,"sunset":false,"publicHolidaysExcluded":false}]},"deletable":true}},{"type":"Feature","geometry":{"type":"Polygon","coordinates":[[[-76.40556,3.4519062394085354],[-76.40765617168233,3.451862408244925],[-76.40974866539055,3.4517309916609724],[-76.41183380960706,3.451512220242303],[-76.41390794571589,3.451206477848505],[-76.41596743442526,3.4508143009392827],[-76.41800866215596,3.450336377632721],[-76.42002804738459,3.449773546497337],[-76.42202204693056,3.4491267950800246],[-76.42398716217535,3.4483972581724953],[-76.42591994520366,3.4475862158192525],[-76.42781700485537,3.446695091070617],[-76.42967501267745,3.4457254474847367],[-76.43149070876595,3.444678986382994],[-76.43326090748718,3.44355754386362],[-76.43498250306841,3.4423630875787783],[-76.43665247504818,3.441097713280779],[-76.43826789357654,3.4397636411434998],[-76.43982592455613,3.438363211865476],[-76.44132383461476,3.4368988825615174],[-76.44275899590112,3.4353732224500697],[-76.44412889069486,3.4337889083438924],[-76.44543111582331,3.432148719952002],[-76.44666338687676,3.430455535001111],[-76.44782354221502,3.4287123241851503],[-76.44890954675846,3.426922145951746],[-76.44991949555656,3.425088141134812],[-76.45085161712781,3.4232135274426807],[-76.45170427656538,3.421301593811466],[-76.45247597840273,3.4193556946335635],[-76.45316536923433,3.4173792438714328],[-76.45377124008711,3.4153757090670003],[-76.45429252853818,3.41334860525719],[-76.45472832057516,3.411301488806275],[-76.4550778521962,3.409237951165876],[-76.45534051074655,3.407161612573559],[-76.45551583598954,3.4050761157010827],[-76.45560352091007,3.402985119263465],[-76.45560341224927,3.400892291600059],[-76.45551551076927,3.3988013042389182],[-76.45533997124802,3.3967158254557304],[-76.45507710220359,3.3946395138386296],[-76.45472736534911,3.3925760118701653],[-76.45429137477893,3.3905289395376883],[-76.45376989588745,3.388501887983362],[-76.45316384402281,3.3864984132049263],[-76.45247428287762,3.384522029818265],[-76.45170242261959,3.3825762048927137],[-76.4508496177654,3.380664351869908],[-76.4499173648016,3.378789824576834],[-76.44890729955668,3.3769559113435785],[-76.4478211943289,3.3751658292360807],[-76.44666095477503,3.3734227184139987],[-76.44542861656541,3.3717296366235767],[-76.44412634181128,3.370089553835149],[-76.44275641527045,3.368505347034695],[-76.44132124033827,3.3669797951785587],[-76.4398233348308,3.3655155743201686],[-76.43826532656743,3.3641152529173],[-76.436649948761,3.3627812873280973],[-76.43498003522329,3.361516017503737],[-76.43325851539427,3.3603216628852888],[-76.43148840920408,3.359200318511946],[-76.42967282177639,3.3581539513474477],[-76.42781493798272,3.357184396831123],[-76.4259180168571,3.3562933556595924],[-76.4239853858808,3.355482390804772],[-76.42202043514747,3.354752924773385],[-76.4200266114185,3.354106237112789],[-76.41800741207912,3.3535434621674884],[-76.41596637900611,3.3530655870902426],[-76.41390709235742,3.352673450111275],[-76.41183316429495,3.352367739068587],[-76.40974823265124,3.352148990201977],[-76.40765595455116,3.3520175872128473],[-76.40556,3.3519737605914646],[-76.40346404544883,3.3520175872128473],[-76.40137176734875,3.352148990201977],[-76.39928683570504,3.352367739068587],[-76.39721290764258,3.352673450111275],[-76.3951536209939,3.3530655870902426],[-76.39311258792087,3.3535434621674884],[-76.39109338858148,3.354106237112789],[-76.3890995648525,3.354752924773385],[-76.38713461411919,3.355482390804772],[-76.38520198314289,3.3562933556595924],[-76.38330506201727,3.357184396831123],[-76.3814471782236,3.3581539513474477],[-76.37963159079591,3.359200318511946],[-76.37786148460572,3.3603216628852888],[-76.3761399647767,3.361516017503737],[-76.37447005123899,3.3627812873280973],[-76.37285467343256,3.3641152529173],[-76.37129666516918,3.3655155743201686],[-76.36979875966172,3.3669797951785587],[-76.36836358472954,3.368505347034695],[-76.3669936581887,3.370089553835149],[-76.36569138343458,3.3717296366235767],[-76.36445904522496,3.3734227184139987],[-76.36329880567109,3.3751658292360807],[-76.36221270044332,3.3769559113435785],[-76.36120263519838,3.378789824576834],[-76.36027038223459,3.380664351869908],[-76.3594175773804,3.3825762048927137],[-76.35864571712237,3.384522029818265],[-76.35795615597718,3.3864984132049263],[-76.35735010411254,3.388501887983362],[-76.35682862522106,3.3905289395376883],[-76.35639263465086,3.3925760118701653],[-76.3560428977964,3.3946395138386296],[-76.35578002875198,3.3967158254557304],[-76.35560448923071,3.3988013042389182],[-76.35551658775071,3.400892291600059],[-76.3555164790899,3.402985119263465],[-76.35560416401044,3.4050761157010827],[-76.35577948925344,3.407161612573559],[-76.35604214780379,3.409237951165876],[-76.35639167942482,3.411301488806275],[-76.35682747146181,3.41334860525719],[-76.35734875991288,3.4153757090670003],[-76.35795463076566,3.4173792438714328],[-76.35864402159727,3.4193556946335635],[-76.35941572343461,3.421301593811466],[-76.36026838287218,3.4232135274426807],[-76.36120050444343,3.425088141134812],[-76.36221045324153,3.426922145951746],[-76.36329645778497,3.4287123241851503],[-76.36445661312322,3.430455535001111],[-76.36568888417668,3.432148719952002],[-76.36699110930513,3.4337889083438924],[-76.36836100409887,3.4353732224500697],[-76.36979616538522,3.4368988825615174],[-76.37129407544386,3.438363211865476],[-76.37285210642345,3.4397636411434998],[-76.37446752495181,3.441097713280779],[-76.37613749693158,3.4423630875787783],[-76.37785909251281,3.44355754386362],[-76.37962929123402,3.444678986382994],[-76.38144498732254,3.4457254474847367],[-76.38330299514462,3.446695091070617],[-76.38520005479631,3.4475862158192525],[-76.38713283782464,3.4483972581724953],[-76.38909795306942,3.4491267950800246],[-76.3910919526154,3.449773546497337],[-76.39311133784403,3.450336377632721],[-76.39515256557473,3.4508143009392827],[-76.3972120542841,3.451206477848505],[-76.39928619039293,3.451512220242303],[-76.40137133460944,3.4517309916609724],[-76.40346382831765,3.451862408244925],[-76.40556,3.4519062394085354]]]},"properties":{"_id":"677d3568c4d29dbb7301a4c3","createdBy":"OPONcQnzWGOLiJSceNaf8pvx1fA2","createdAt":"2025-01-07T14:08:40.108Z","updatedBy":"OPONcQnzWGOLiJSceNaf8pvx1fA2","updatedAt":"2025-01-07T14:10:09.470Z","name":"SKP32 / GUABITO","dataIngestion":true,"type":3,"icaoClass":8,"activity":0,"onDemand":false,"onRequest":false,"byNotam":false,"specialAgreement":false,"requestCompliance":false,"country":"CO","upperLimit":{"value":8000,"unit":1,"referenceDatum":1},"lowerLimit":{"value":0,"unit":1,"referenceDatum":0},"hoursOfOperation":{"operatingHours":[{"dayOfWeek":0,"startTime":"00:00","endTime":"00:00","byNotam":false,"sunrise":false,"sunset":false,"publicHolidaysExcluded":false},{"dayOfWeek":1,"startTime":"00:00","endTime":"00:00","byNotam":false,"sunrise":false,"sunset":false,"publicHolidaysExcluded":false},{"dayOfWeek":2,"startTime":"00:00","endTime":"00:00","byNotam":false,"sunrise":false,"sunset":false,"publicHolidaysExcluded":false},{"dayOfWeek":3,"startTime":"00:00","endTime":"00:00","byNotam":false,"sunrise":false,"sunset":false,"publicHolidaysExcluded":false},{"dayOfWeek":4,"startTime":"00:00","endTime":"00:00","byNotam":false,"sunrise":false,"sunset":false,"publicHolidaysExcluded":false},{"dayOfWeek":5,"startTime":"00:00","endTime":"00:00","byNotam":false,"sunrise":false,"sunset":false,"publicHolidaysExcluded":false},{"dayOfWeek":6,"startTime":"00:00","endTime":"00:00","byNotam":false,"sunrise":false,"sunset":false,"publicHolidaysExcluded":false}]},"deletable":true}},{"type":"Feature","geometry":{"type":"Polygon","coordinates":[[[-73.99226752629423,4.938308737641176],[-73.99561469764025,4.938612186251295],[-73.99894618261439,4.939054996555264],[-74.0022561387282,4.939636391991647],[-74.00553876120858,4.940355352958398],[-74.00878829316747,4.941210618599087],[-74.01199903568784,4.942200689011818],[-74.0151653578086,4.94332382787695],[-74.01828170639092,4.944578065499064],[-74.01930843664483,4.9450249041337235],[-74.03290565442984,4.914593141665491],[-74.0314511744608,4.913960149560037],[-74.02703652043357,4.912183396083829],[-74.02255108379558,4.910592358318724],[-74.01800273019329,4.909189826145688],[-74.01339943543978,4.907978258885629],[-74.00874927154696,4.906959780993086],[-74.00406039259025,4.90613617833634],[-73.99934102043032,4.905508895070461],[-73.99459943031707,4.905079031108683],[-73.99226752629423,4.938308737641176]]]},"properties":{"_id":"677d3569c4d29dbb7301a56e","createdBy":"OPONcQnzWGOLiJSceNaf8pvx1fA2","createdAt":"2025-01-07T14:08:41.047Z","updatedBy":"OPONcQnzWGOLiJSceNaf8pvx1fA2","updatedAt":"2025-01-07T14:10:20.261Z","name":"SKP35/CAJICA","dataIngestion":true,"type":3,"icaoClass":8,"activity":0,"onDemand":false,"onRequest":false,"byNotam":false,"specialAgreement":false,"requestCompliance":false,"country":"CO","upperLimit":{"value":11000,"unit":1,"referenceDatum":1},"lowerLimit":{"value":0,"unit":1,"referenceDatum":0},"hoursOfOperation":{"operatingHours":[{"dayOfWeek":0,"startTime":"00:00","endTime":"00:00","byNotam":false,"sunrise":false,"sunset":false,"publicHolidaysExcluded":false},{"dayOfWeek":1,"startTime":"00:00","endTime":"00:00","byNotam":false,"sunrise":false,"sunset":false,"publicHolidaysExcluded":false},{"dayOfWeek":2,"startTime":"00:00","endTime":"00:00","byNotam":false,"sunrise":false,"sunset":false,"publicHolidaysExcluded":false},{"dayOfWeek":3,"startTime":"00:00","endTime":"00:00","byNotam":false,"sunrise":false,"sunset":false,"publicHolidaysExcluded":false},{"dayOfWeek":4,"startTime":"00:00","endTime":"00:00","byNotam":false,"sunrise":false,"sunset":false,"publicHolidaysExcluded":false},{"dayOfWeek":5,"startTime":"00:00","endTime":"00:00","byNotam":false,"sunrise":false,"sunset":false,"publicHolidaysExcluded":false},{"dayOfWeek":6,"startTime":"00:00","endTime":"00:00","byNotam":false,"sunrise":false,"sunset":false,"publicHolidaysExcluded":false}]},"deletable":true}},{"type":"Feature","geometry":{"type":"Polygon","coordinates":[[[-75.93603,4.67763],[-75.71386,4.73292],[-75.71357605370294,4.732759032710411],[-75.71023705400485,4.733903443043956],[-75.70694905813735,4.7351861796851615],[-75.70371783269111,4.736604993041493],[-75.70054904479518,4.738157394862431],[-75.69744825218567,4.739840662598999],[-75.69442089346519,4.741651844173905],[-75.6914722785706,4.743587763153961],[-75.68860757946494,4.7456450243157775],[-75.68583182107064,4.747820019594977],[-75.68314987245917,4.750108934408575],[-75.68056643831308,4.752507754339458],[-75.67808605067515,4.755012272171296],[-75.67571306099889,4.757618095261614],[-75.67345163251485,4.760320653240101],[-75.67130573292563,4.763115206018759],[-75.66927912744265,4.765996852099842],[-75.66737537217689,4.7689605371670964],[-75.66559780789525,4.77200106294528],[-75.6639495541533,4.77511309631245],[-75.66243350381505,4.778291178649107],[-75.66105231796934,4.781529735407832],[-75.65980842125141,4.784823085886667],[-75.65870399757884,4.788165453189161],[-75.65774098630816,4.791550974353623],[-75.6569210788202,4.7949737106338635],[-75.6562457155394,4.798427657913436],[-75.65571608339272,4.801906757235109],[-75.65533311371267,4.805404905427147],[-75.65509748058841,4.808915965807796],[-75.6550095996674,4.812433778949168],[-75.65506962741048,4.815952173481698],[-75.6552774608014,4.819464976920219],[-75.65563273751133,4.822966026492658],[-75.65613483651848,4.826449179952361],[-75.65678287918183,4.8299083263550875],[-75.65757573076681,4.8333373967817455],[-75.65851200242085,4.836730374988048],[-75.65959005359512,4.840081307962393],[-75.66080799490861,4.843384316373419],[-75.66216369144915,4.846633604888879],[-75.66365476650624,4.849823472347711],[-75.66527860572887,4.852948321767405],[-75.66703236170117,4.856002670169106],[-75.6689129589281,4.858981158203119],[-75.67091709922227,4.86187855955795],[-75.67304126748272,4.8646897901362705],[-75.67528173785551,4.867409916981694],[-75.67763458026522,4.870034166940636],[-75.68009566730613,4.872557935044008],[-75.68266068148101,4.874976792593977],[-75.6853251227746,4.877286494941567],[-75.68808431654882,4.879482988941374],[-75.69093342174568,4.881562420070278],[-75.69386743938351,4.88352113919759],[-75.69688122133152,4.88535570899471],[-75.69996947934749,4.887062909972988],[-75.70312679436239,4.888639746139145],[-75.70634762599579,4.890083450258268],[-75.70962632228544,4.89139148871512],[-75.71295712961324,4.892561565965152],[-75.71633420281111,4.8935916285673935],[-75.71975161542802,4.894479868792095],[-75.72320337014067,4.895224727796749],[-75.72668340928911,4.895824898364897],[-75.73018562551897,4.896279327202859],[-75.73370387251136,4.896587216790385],[-75.73723197578148,4.896748026781892],[-75.74076374352713,4.896761474955881],[-75.74429297750756,4.896627537710799],[-75.74781348393388,4.896346450106513],[-75.75131908435152,4.895918705451299],[-75.75480362649559,4.895345054435089],[-75.75826099510013,4.894626503810489],[-75.7616851226419,4.893764314623924],[-75.76507,4.89276],[-75.97647,4.84016],[-75.97949189376193,4.8382820631286245],[-75.98282797877792,4.83723456747183],[-75.98611710491492,4.836048771756106],[-75.9893535002058,4.834726756990254],[-75.99253148531918,4.833270843227081],[-75.99564548353435,4.831683585487597],[-75.99869003053486,4.829967769272541],[-76.00165978400406,4.828126405669159],[-76.00454953300537,4.826162726061871],[-76.00735420713085,4.824080176456144],[-76.01006888540208,4.821882411425591],[-76.01268880490748,4.819573287692966],[-76.01520936916116,4.817156857356373],[-76.01762615616829,4.814637360772624],[-76.01993492618318,4.81201921911029],[-76.02213162914623,4.809307026585576],[-76.02421241178669,4.806505542394672],[-76.02617362437898,4.803619682356826],[-76.02801182714062,4.800654510282818],[-76.02972379626055,4.797615229084059],[-76.03130652954744,4.794507171637945],[-76.03275725168791,4.791335791425552],[-76.03407341910594,4.788106652958134],[-76.03525272441428,4.7848254220092805],[-76.03629310045112,4.781497855669877],[-76.03719272389395,4.778129792243388],[-76.03795001844526,4.774727140999199],[-76.038563657584,4.77129587180204],[-76.03903256687843,4.767842004635676],[-76.03935592585613,4.764371599039318],[-76.03953316942822,4.76089074347525],[-76.03956398886531,4.75740554464636],[-76.03944833232342,4.753922116782331],[-76.03918640491949,4.750446570913269],[-76.03877866835585,4.746985004149597],[-76.03822584009507,4.743543488987016],[-76.03752889208612,4.740128062655275],[-76.03668904904465,4.736744716529423],[-76.03570778629042,4.733399385622115],[-76.03458682714536,4.730097938175344],[-76.03332813989766,4.726846165369889],[-76.0319339343365,4.723649771170436],[-76.03040665786422,4.7205143623242],[-76.02874899119259,4.717445438530537],[-76.02696384363053,4.714448382798753],[-76.02505434797209,4.7115284520109775],[-76.02302385499343,4.708690767706622],[-76.02087592756851,4.705940307104534],[-76.01861433441395,4.703281894378551],[-76.01624304347389,4.7007201922017146],[-76.01376621495675,4.698259693573913],[-76.01118819403588,4.695904713947249],[-76.00851350322698,4.693659383662903],[-76.00574683445556,4.691527640712679],[-76.00289304082885,4.689513223837914],[-75.99995712812557,4.687619665977785],[-75.99694424601962,4.685850288078463],[-75.9938596790521,4.684208193273931],[-75.9907088373681,4.6826962614486245],[-75.98749724723405,4.681317144191392],[-75.9842305413524,4.680073260149572],[-75.98091444899049,4.678966790791327],[-75.97755478594098,4.677999676583596],[-75.97415744433113,4.677173613592377],[-75.97072838229889,4.676490050511226],[-75.9672736135539,4.6759501861232105],[-75.96379919684144,4.675554967200704],[-75.96031122532771,4.6753050868467145],[-75.95681581592531,4.675200983280625],[-75.953319098577,4.675242839070479],[-75.94982720551684,4.675430580813134],[-75.94634626052745,4.675763879262866],[-75.94288236821181,4.6762421499081634],[-75.93944160329868,4.676864553995749],[-75.93603,4.67763]]]},"properties":{"_id":"677d3569c4d29dbb7301a5a4","createdBy":"OPONcQnzWGOLiJSceNaf8pvx1fA2","createdAt":"2025-01-07T14:08:41.344Z","updatedBy":"OPONcQnzWGOLiJSceNaf8pvx1fA2","updatedAt":"2025-01-07T14:10:22.767Z","name":"SKPE / PEREIRA/CARTAGO","dataIngestion":true,"type":4,"icaoClass":3,"activity":0,"onDemand":false,"onRequest":false,"byNotam":false,"specialAgreement":false,"requestCompliance":false,"country":"CO","upperLimit":{"value":7000,"unit":1,"referenceDatum":1},"lowerLimit":{"value":0,"unit":1,"referenceDatum":0},"hoursOfOperation":{"operatingHours":[{"dayOfWeek":0,"startTime":"00:00","endTime":"00:00","byNotam":false,"sunrise":false,"sunset":false,"publicHolidaysExcluded":false},{"dayOfWeek":1,"startTime":"00:00","endTime":"00:00","byNotam":false,"sunrise":false,"sunset":false,"publicHolidaysExcluded":false},{"dayOfWeek":2,"startTime":"00:00","endTime":"00:00","byNotam":false,"sunrise":false,"sunset":false,"publicHolidaysExcluded":false},{"dayOfWeek":3,"startTime":"00:00","endTime":"00:00","byNotam":false,"sunrise":false,"sunset":false,"publicHolidaysExcluded":false},{"dayOfWeek":4,"startTime":"00:00","endTime":"00:00","byNotam":false,"sunrise":false,"sunset":false,"publicHolidaysExcluded":false},{"dayOfWeek":5,"startTime":"00:00","endTime":"00:00","byNotam":false,"sunrise":false,"sunset":false,"publicHolidaysExcluded":false},{"dayOfWeek":6,"startTime":"00:00","endTime":"00:00","byNotam":false,"sunrise":false,"sunset":false,"publicHolidaysExcluded":false}]},"deletable":true}},{"type":"Feature","geometry":{"type":"Polygon","coordinates":[[[-77.29107,1.4464762394085355],[-77.29316303559617,1.446432409584747],[-77.29525239905725,1.4463009970108602],[-77.29733442469207,1.4460822322443712],[-77.29940545968596,1.4457764990982023],[-77.30146187051065,1.4453843339671837],[-77.30350004930047,1.4449064248867776],[-77.30551642018328,1.4443436103257035],[-77.30750744555536,1.4436968777145862],[-77.30946963228902,1.4429673617132113],[-77.31139953786212,1.4421563422194272],[-77.31329377639868,1.4412652421231946],[-77.31514902461004,1.4402956248097274],[-77.31696202762616,1.439249191416109],[-77.31872960470668,1.4381277778462],[-77.32044865482177,1.4369333515490879],[-77.32211616209325,1.4356680080667232],[-77.32372920108583,1.4343339673568183],[-77.32528494193984,1.4329335698974528],[-77.32678065533601,1.4314692725802374],[-77.32821371728372,1.429943644399238],[-77.32958161372436,1.428359361943235],[-77.33088194494167,1.426719204699231],[-77.33211242977131,1.4250260501754488],[-77.33327090960245,1.4232828688523889],[-77.33435535216398,1.4214927189708002],[-77.33536385508918,1.419658741165725],[-77.33629464925221,1.4177841529560264],[-77.3371461018708,1.4158722430990764],[-77.33791671936966,1.413926365820514],[-77.33860514999954,1.4119499349291953],[-77.33921018620731,1.4099464178276715],[-77.33973076675312,1.4079193294287005],[-77.34016597857072,1.4058722259884688],[-77.3405150583678,1.403808698867346],[-77.34077739396352,1.4017323682291214],[-77.34095252536083,1.3996468766897752],[-77.34104014555193,1.3975558829269281],[-77.34104010105514,1.3954630552611842],[-77.34095239218259,1.3933720652206245],[-77.34077717303796,1.3912865810997448],[-77.34051475124458,1.38921026152413],[-77.34016558740406,1.3871467490321638],[-77.33973029428678,1.3850996636850235],[-77.3392096357553,1.3830725967161681],[-77.33860452542288,1.3810691042314684],[-77.33791602504931,1.379092700971012],[-77.3371453426769,1.3771468541435405],[-77.33629383050996,1.375234977344318],[-77.33536298254147,1.373360424567107],[-77.3343544319311,1.3715264843207464],[-77.33326994813916,1.3697363738606523],[-77.3321114338216,1.367993233545353],[-77.33088092149137,1.3663001213279593],[-77.32958056995228,1.3646600073922215],[-77.32821266051116,1.3630757689425865],[-77.32677959297547,1.3615501851573841],[-77.325283881443,1.36008593231399],[-77.32372814989131,1.3586855790945185],[-77.32211512757443,1.3573515820802684],[-77.32044764423507,1.3560862814428263],[-77.31872862514064,1.3548918968393777],[-77.31696108595175,1.353770523519422],[-77.31514812743241,1.3527241286497218],[-77.31329293001089,1.3517545478639206],[-77.31139874820099,1.3508634820428855],[-77.30946890489345,1.3500524943314145],[-77.30750678552751,1.3493230073965377],[-77.30551583215278,1.3486763009322225],[-77.30349953739191,1.348113509414854],[-77.30146143831473,1.347635620113421],[-77.29940511023423,1.3472434713579085],[-77.2973341604357,1.3469377510689144],[-77.29525222184978,1.3467189955510859],[-77.29316294668058,1.346587588552473],[-77.29107,1.3465437605914647],[-77.28897705331943,1.346587588552473],[-77.28688777815024,1.3467189955510859],[-77.28480583956433,1.3469377510689144],[-77.28273488976578,1.3472434713579085],[-77.28067856168528,1.347635620113421],[-77.2786404626081,1.348113509414854],[-77.27662416784725,1.3486763009322225],[-77.27463321447252,1.3493230073965377],[-77.27267109510656,1.3500524943314145],[-77.27074125179902,1.3508634820428855],[-77.26884706998914,1.3517545478639206],[-77.26699187256762,1.3527241286497218],[-77.26517891404828,1.353770523519422],[-77.26341137485937,1.3548918968393777],[-77.26169235576494,1.3560862814428263],[-77.26002487242557,1.3573515820802684],[-77.2584118501087,1.3586855790945183],[-77.25685611855702,1.36008593231399],[-77.25536040702455,1.3615501851573841],[-77.25392733948885,1.3630757689425865],[-77.25255943004773,1.3646600073922215],[-77.25125907850864,1.3663001213279593],[-77.25002856617843,1.367993233545353],[-77.24887005186085,1.3697363738606523],[-77.2477855680689,1.3715264843207464],[-77.24677701745854,1.373360424567107],[-77.24584616949006,1.375234977344318],[-77.24499465732312,1.3771468541435405],[-77.2442239749507,1.379092700971012],[-77.24353547457713,1.3810691042314684],[-77.24293036424471,1.3830725967161681],[-77.24240970571323,1.3850996636850235],[-77.24197441259595,1.3871467490321638],[-77.24162524875544,1.38921026152413],[-77.24136282696205,1.3912865810997448],[-77.24118760781742,1.3933720652206245],[-77.24109989894488,1.3954630552611842],[-77.2410998544481,1.3975558829269281],[-77.24118747463919,1.3996468766897752],[-77.2413626060365,1.4017323682291214],[-77.24162494163221,1.403808698867346],[-77.2419740214293,1.4058722259884688],[-77.2424092332469,1.4079193294287005],[-77.24292981379271,1.4099464178276715],[-77.24353485000047,1.4119499349291948],[-77.24422328063035,1.413926365820514],[-77.24499389812921,1.4158722430990764],[-77.24584535074781,1.4177841529560264],[-77.24677614491083,1.419658741165725],[-77.24778464783603,1.4214927189708002],[-77.24886909039756,1.4232828688523889],[-77.25002757022871,1.4250260501754488],[-77.25125805505836,1.426719204699231],[-77.25255838627567,1.428359361943235],[-77.2539262827163,1.429943644399238],[-77.255359344664,1.4314692725802374],[-77.25685505806017,1.4329335698974528],[-77.2584107989142,1.434333967356818],[-77.26002383790677,1.4356680080667232],[-77.26169134517825,1.4369333515490879],[-77.26341039529335,1.4381277778462],[-77.26517797237385,1.439249191416109],[-77.26699097538997,1.4402956248097274],[-77.26884622360133,1.4412652421231946],[-77.2707404621379,1.4421563422194272],[-77.27267036771099,1.4429673617132113],[-77.27463255444466,1.4436968777145862],[-77.27662357981674,1.4443436103257035],[-77.27863995069954,1.4449064248867776],[-77.28067812948937,1.4453843339671837],[-77.28273454031407,1.445776499098202],[-77.28480557530796,1.4460822322443712],[-77.28688760094278,1.4463009970108602],[-77.28897696440384,1.446432409584747],[-77.29107,1.4464762394085355]]]},"properties":{"_id":"677d3569c4d29dbb7301a5bf","createdBy":"OPONcQnzWGOLiJSceNaf8pvx1fA2","createdAt":"2025-01-07T14:08:41.530Z","updatedBy":"OPONcQnzWGOLiJSceNaf8pvx1fA2","updatedAt":"2025-01-07T14:10:24.192Z","name":"SKPS / PASTO","dataIngestion":true,"type":0,"icaoClass":3,"activity":0,"onDemand":false,"onRequest":false,"byNotam":false,"specialAgreement":false,"requestCompliance":false,"country":"CO","upperLimit":{"value":12922,"unit":1,"referenceDatum":1},"lowerLimit":{"value":0,"unit":1,"referenceDatum":0},"hoursOfOperation":{"operatingHours":[{"dayOfWeek":0,"startTime":"00:00","endTime":"00:00","byNotam":false,"sunrise":false,"sunset":false,"publicHolidaysExcluded":false},{"dayOfWeek":1,"startTime":"00:00","endTime":"00:00","byNotam":false,"sunrise":false,"sunset":false,"publicHolidaysExcluded":false},{"dayOfWeek":2,"startTime":"00:00","endTime":"00:00","byNotam":false,"sunrise":false,"sunset":false,"publicHolidaysExcluded":false},{"dayOfWeek":3,"startTime":"00:00","endTime":"00:00","byNotam":false,"sunrise":false,"sunset":false,"publicHolidaysExcluded":false},{"dayOfWeek":4,"startTime":"00:00","endTime":"00:00","byNotam":false,"sunrise":false,"sunset":false,"publicHolidaysExcluded":false},{"dayOfWeek":5,"startTime":"00:00","endTime":"00:00","byNotam":false,"sunrise":false,"sunset":false,"publicHolidaysExcluded":false},{"dayOfWeek":6,"startTime":"00:00","endTime":"00:00","byNotam":false,"sunrise":false,"sunset":false,"publicHolidaysExcluded":false}]},"deletable":true}},{"type":"Feature","geometry":{"type":"Polygon","coordinates":[[[-74.57833,6.49389],[-74.875,5.39056],[-74.74,5.25389],[-74.19667,5.46389],[-73.93333,6.89389],[-74.57833,6.49389]]]},"properties":{"_id":"677d3569c4d29dbb7301a57d","createdBy":"OPONcQnzWGOLiJSceNaf8pvx1fA2","createdAt":"2025-01-07T14:08:41.120Z","updatedBy":"OPONcQnzWGOLiJSceNaf8pvx1fA2","updatedAt":"2025-01-07T14:10:20.980Z","name":"SKR10 / PALANQUERO","dataIngestion":true,"type":1,"icaoClass":8,"activity":0,"onDemand":false,"onRequest":false,"byNotam":false,"specialAgreement":false,"requestCompliance":false,"country":"CO","upperLimit":{"value":999,"unit":6,"referenceDatum":2},"lowerLimit":{"value":0,"unit":1,"referenceDatum":0},"hoursOfOperation":{"operatingHours":[{"dayOfWeek":0,"startTime":"00:00","endTime":"00:00","byNotam":false,"sunrise":false,"sunset":false,"publicHolidaysExcluded":false},{"dayOfWeek":1,"startTime":"00:00","endTime":"00:00","byNotam":false,"sunrise":false,"sunset":false,"publicHolidaysExcluded":false},{"dayOfWeek":2,"startTime":"00:00","endTime":"00:00","byNotam":false,"sunrise":false,"sunset":false,"publicHolidaysExcluded":false},{"dayOfWeek":3,"startTime":"00:00","endTime":"00:00","byNotam":false,"sunrise":false,"sunset":false,"publicHolidaysExcluded":false},{"dayOfWeek":4,"startTime":"00:00","endTime":"00:00","byNotam":false,"sunrise":false,"sunset":false,"publicHolidaysExcluded":false},{"dayOfWeek":5,"startTime":"00:00","endTime":"00:00","byNotam":false,"sunrise":false,"sunset":false,"publicHolidaysExcluded":false},{"dayOfWeek":6,"startTime":"00:00","endTime":"00:00","byNotam":false,"sunrise":false,"sunset":false,"publicHolidaysExcluded":false}]},"deletable":true}},{"type":"Feature","geometry":{"type":"Polygon","coordinates":[[[-73.363740571987,10.507081598477953],[-74.21778,10.74472],[-74.24222,10.57361],[-74.25028,10.07083],[-74.01033569859024,9.552832840926948],[-73.97110131321033,9.579668491199582],[-73.9201448739301,9.617307179467511],[-73.87081954957206,9.657009007389181],[-73.82321146754236,9.6987050592524],[-73.77740386286138,9.742322936703172],[-73.73347693497647,9.787786881081264],[-73.69150770918485,9.835017901518054],[-73.65156990288037,9.883933908597179],[-73.61373379683181,9.934449853370582],[-73.57806611169605,9.986477871514674],[-73.54462988996376,10.039927432403934],[-73.5134843835302,10.09470549287192],[-73.48468494707865,10.150716655422855],[-73.45828293745949,10.207863330650015],[-73.43432561924239,10.266045903610758],[-73.41285607661483,10.32516290390165],[-73.39391313179519,10.385111179170947],[-73.37753127012326,10.445786071799846],[-73.363740571987,10.507081598477953]]]},"properties":{"_id":"677d3569c4d29dbb7301a580","createdBy":"OPONcQnzWGOLiJSceNaf8pvx1fA2","createdAt":"2025-01-07T14:08:41.135Z","updatedBy":"OPONcQnzWGOLiJSceNaf8pvx1fA2","updatedAt":"2025-01-07T14:10:21.149Z","name":"SKR11 / BARRANQUILLA","dataIngestion":true,"type":1,"icaoClass":8,"activity":0,"onDemand":false,"onRequest":false,"byNotam":false,"specialAgreement":false,"requestCompliance":false,"country":"CO","upperLimit":{"value":999,"unit":6,"referenceDatum":2},"lowerLimit":{"value":0,"unit":1,"referenceDatum":0},"hoursOfOperation":{"operatingHours":[{"dayOfWeek":0,"startTime":"00:00","endTime":"00:00","byNotam":false,"sunrise":false,"sunset":false,"publicHolidaysExcluded":false},{"dayOfWeek":1,"startTime":"00:00","endTime":"00:00","byNotam":false,"sunrise":false,"sunset":false,"publicHolidaysExcluded":false},{"dayOfWeek":2,"startTime":"00:00","endTime":"00:00","byNotam":false,"sunrise":false,"sunset":false,"publicHolidaysExcluded":false},{"dayOfWeek":3,"startTime":"00:00","endTime":"00:00","byNotam":false,"sunrise":false,"sunset":false,"publicHolidaysExcluded":false},{"dayOfWeek":4,"startTime":"00:00","endTime":"00:00","byNotam":false,"sunrise":false,"sunset":false,"publicHolidaysExcluded":false},{"dayOfWeek":5,"startTime":"00:00","endTime":"00:00","byNotam":false,"sunrise":false,"sunset":false,"publicHolidaysExcluded":false},{"dayOfWeek":6,"startTime":"00:00","endTime":"00:00","byNotam":false,"sunrise":false,"sunset":false,"publicHolidaysExcluded":false}]},"deletable":true}},{"type":"Feature","geometry":{"type":"Polygon","coordinates":[[[-73.49194,4.10694],[-73.6125,4.10639],[-73.5972850901078,4.099080713586568],[-73.59844457950662,4.0900692533914595],[-73.59922470836129,4.081017266628143],[-73.59962412088234,4.071940634434289],[-73.59964212926872,4.062855280644416],[-73.59927871482347,4.053777143853718],[-73.59853452789604,4.044722149459802],[-73.59741088665211,4.03570618173132],[-73.59590977467359,4.026745055952433],[-73.59403383739374,4.017854490691846],[-73.59178637737415,4.009050080244947],[-73.58917134843247,4.00034726729724],[-73.58619334863157,3.991761315856853],[-73.5828576121431,3.98330728450341],[-73.57917,3.975],[-73.48806,4.0175],[-73.49004289591531,4.021964326813791],[-73.49183666569813,4.026507564156933],[-73.49343815980741,4.0311217429290425],[-73.49484456581165,4.03579876946015],[-73.49605341334245,4.040530439701398],[-73.49706257844927,4.0453084536101915],[-73.49787028734782,4.050124429704652],[-73.49847511955497,4.054969919761863],[-73.49887601040504,4.0598364236341995],[-73.4990722529425,4.064715404157748],[-73.49906349918759,4.069598302126722],[-73.49884976077283,4.074476551307618],[-73.49843140894865,4.079341593466779],[-73.4978091739583,4.084184893385029],[-73.49698414378278,4.088997953833013],[-73.49595776225787,4.093772330480997],[-73.49473182656627,4.098499646716923],[-73.49330848410935,4.103171608346724],[-73.49194,4.10694]]]},"properties":{"_id":"677d3569c4d29dbb7301a583","createdBy":"OPONcQnzWGOLiJSceNaf8pvx1fA2","createdAt":"2025-01-07T14:08:41.149Z","updatedBy":"OPONcQnzWGOLiJSceNaf8pvx1fA2","updatedAt":"2025-01-07T14:10:21.304Z","name":"SKR12 / VILLAVICENCIO","dataIngestion":true,"type":1,"icaoClass":8,"activity":0,"onDemand":false,"onRequest":false,"byNotam":false,"specialAgreement":false,"requestCompliance":false,"country":"CO","upperLimit":{"value":17500,"unit":1,"referenceDatum":1},"lowerLimit":{"value":10500,"unit":1,"referenceDatum":1},"hoursOfOperation":{"operatingHours":[{"dayOfWeek":0,"startTime":"00:00","endTime":"00:00","byNotam":false,"sunrise":false,"sunset":false,"publicHolidaysExcluded":false},{"dayOfWeek":1,"startTime":"00:00","endTime":"00:00","byNotam":false,"sunrise":false,"sunset":false,"publicHolidaysExcluded":false},{"dayOfWeek":2,"startTime":"00:00","endTime":"00:00","byNotam":false,"sunrise":false,"sunset":false,"publicHolidaysExcluded":false},{"dayOfWeek":3,"startTime":"00:00","endTime":"00:00","byNotam":false,"sunrise":false,"sunset":false,"publicHolidaysExcluded":false},{"dayOfWeek":4,"startTime":"00:00","endTime":"00:00","byNotam":false,"sunrise":false,"sunset":false,"publicHolidaysExcluded":false},{"dayOfWeek":5,"startTime":"00:00","endTime":"00:00","byNotam":false,"sunrise":false,"sunset":false,"publicHolidaysExcluded":false},{"dayOfWeek":6,"startTime":"00:00","endTime":"00:00","byNotam":false,"sunrise":false,"sunset":false,"publicHolidaysExcluded":false}]},"deletable":true}},{"type":"Feature","geometry":{"type":"Polygon","coordinates":[[[-75.78444,9.57833],[-75.84694,9.52694],[-75.76083,9.44667],[-75.76228954684424,9.445539897528462],[-75.76411288520542,9.442560270942089],[-75.76580810570323,9.439507931030382],[-75.76737223676996,9.436388234486218],[-75.76880253711865,9.433206656061769],[-75.77009650053286,9.429968778951697],[-75.77125186024202,9.426680284986979],[-75.7722665928749,9.423346944656622],[-75.7731389219843,9.419974606974833],[-75.77386732113717,9.4165691892115],[-75.77445051656484,9.413136666504071],[-75.77488748936864,9.409683061369059],[-75.77517747727777,9.406214433131673],[-75.7753199759561,9.402736867292107],[-75.77531473985596,9.399256464847186],[-75.7751617826178,9.395779331586107],[-75.774861377015,9.392311567379066],[-75.77441405444421,9.388859255477566],[-75.77382060396243,9.38542845184514],[-75.7730820708727,9.382025174537201],[-75.77219975486106,9.378655393148641],[-75.77117520768803,9.375325018347594],[-75.77001023043951,9.372039891513746],[-75.76870687034125,9.368805774499272],[-75.76726741714332,9.365628339530295],[-75.76569439908087,9.362513159266562],[-75.76399057841819,9.359465697036644],[-75.76215894658452,9.356491297265741],[-75.7602027189097,9.353595176112789],[-75.7581253289696,9.350782412333217],[-75.7559304225507,9.348057938383253],[-75.75362185124513,9.345426531781337],[-75.75120366568693,9.342892806741634],[-75.74868010844182,9.340461206094286],[-75.74605560656268,9.33813599350641],[-75.74333476382412,9.33592124601744],[-75.7405223526495,9.333820846901748],[-75.73762330574452,9.33183847887101],[-75.73464270745237,9.329977617628114],[-75.73158578484501,9.3282415257838],[-75.72845789856665,9.326633247146676],[-75.72526453344494,9.325155601396416],[-75.72201128888666,9.323811179149535],[-75.71870386907425,9.322602337426188],[-75.71534807298048,9.321531195525944],[-75.71194978421862,9.320599631319672],[-75.70851496074557,9.319809277963953],[-75.70504962443614,9.319161521043785],[-75.70155985054615,9.318657496148452],[-75.69805175708325,9.318298086884857],[-75.69453149410317,9.318083923331685],[-75.6910052329508,9.318015380937146],[-75.68747915546392,9.318092579862155],[-75.68395944315908,9.318315384770123],[-75.68045226641777,9.31868340506372],[-75.67696377369208,9.31919599556818],[-75.67350008074833,9.319852257659992],[-75.67006725996741,9.320651040838989],[-75.6666713297204,9.321590944741114],[-75.66331824383794,9.322670321588411],[-75.66001388119147,9.323887279071899],[-75.65676403540482,9.32523968366244],[-75.65357440471341,9.326725164343749],[-75.65045058198947,9.328341116761123],[-75.64739804494977,9.330084707778695],[-75.64442214656371,9.331952880437235],[-75.64152810567789,9.333942359303958],[-75.6387209978738,9.336049656204995],[-75.63600574657441,9.338271076330587],[-75.63338711441536,9.340602724702388],[-75.63086969489562,9.34304051299162],[-75.62845790432249,9.345580166676237],[-75.62615597406463,9.348217232524632],[-75.6239679431273,9.350947086392887],[-75.62189765106214,9.35376494132196],[-75.61994873122462,9.356665855920728],[-75.61812460439053,9.359644743020299],[-75.61642847274304,9.362696378584468],[-75.61486331424099,9.365815410860838],[-75.61343187737802,9.368996369756585],[-75.61213667634244,9.372233676422582],[-75.6109799865858,9.37552165302909],[-75.60996384080873,9.378854532715986],[-75.60909002537053,9.382226469700132],[-75.60836007712976,9.385631549522234],[-75.60777528072086,9.38906379941525],[-75.60733666627215,9.392517198776254],[-75.60704500756937,9.395985689723386],[-75.60690082066803,9.39946318771944],[-75.60690436295744,9.402943592243464],[-75.60705563267793,9.406420797491675],[-75.60735436889287,9.409888703088942],[-75.60780005191512,9.413341224792017],[-75.60839190418787,9.416772305165766],[-75.60912889161834,9.420175924213646],[-75.61000972536219,9.423546109943715],[-75.61103286405587,9.426876948851682],[-75.61219651649297,9.430162596302498],[-75.61349864474033,9.433397286792255],[-75.61493696768841,9.436575344072322],[-75.61650896502998,9.4396911911179],[-75.61821188166036,9.44273935992344],[-75.62004273249147,9.445714501107632],[-75.62199830767167,9.448611393311072],[-75.6240751782019,9.451424952369978],[-75.62626970193898,9.454150240249811],[-75.62857802997509,9.456782473723012],[-75.63099611338255,9.459317032775505],[-75.63351971031223,9.461749468727154],[-75.6361443934329,9.464075512051776],[-75.63886555769871,9.466291079882923],[-75.64167842843108,9.468392283192097],[-75.64457806970084,9.470375433626781],[-75.64755939299584,9.472237049996075],[-75.65061716615871,9.47397386439255],[-75.65374602257927,9.475582827939414],[-75.656940470625,9.477061116152822],[-75.6601949032932,9.478406133909829],[-75.66350360806774,9.47961552001319],[-75.66686077696271,9.480687151344888],[-75.67026051673561,9.481619146601032],[-75.67369685925173,9.482409869601517],[-75.67716377198127,9.483057932168547],[-75.68065516861087,9.483562196568933],[-75.68416491975056,9.483921777515807],[-75.68768686371712,9.484136043726245],[-75.6912148173747,9.484204619031965],[-75.6947425870138,9.484127383041205],[-75.69826397924862,9.483904471350543],[-75.70177281191407,9.483536275306315],[-75.70526292494294,9.483023441316062],[-75.70872819120362,9.482366869711175],[-75.71216252727947,9.48156771316285],[-75.71555990417073,9.480627374654064],[-75.71891435789955,9.47954750501125],[-75.72222,9.47833],[-75.78444,9.57833]]]},"properties":{"_id":"677d3569c4d29dbb7301a586","createdBy":"OPONcQnzWGOLiJSceNaf8pvx1fA2","createdAt":"2025-01-07T14:08:41.165Z","updatedBy":"OPONcQnzWGOLiJSceNaf8pvx1fA2","updatedAt":"2025-01-07T14:10:21.456Z","name":"SKR16/COVEÃAS","dataIngestion":true,"type":1,"icaoClass":8,"activity":0,"onDemand":false,"onRequest":false,"byNotam":false,"specialAgreement":false,"requestCompliance":false,"country":"CO","upperLimit":{"value":4500,"unit":1,"referenceDatum":1},"lowerLimit":{"value":0,"unit":1,"referenceDatum":0},"hoursOfOperation":{"operatingHours":[{"dayOfWeek":0,"startTime":"00:00","endTime":"00:00","byNotam":false,"sunrise":false,"sunset":false,"publicHolidaysExcluded":false},{"dayOfWeek":1,"startTime":"00:00","endTime":"00:00","byNotam":false,"sunrise":false,"sunset":false,"publicHolidaysExcluded":false},{"dayOfWeek":2,"startTime":"00:00","endTime":"00:00","byNotam":false,"sunrise":false,"sunset":false,"publicHolidaysExcluded":false},{"dayOfWeek":3,"startTime":"00:00","endTime":"00:00","byNotam":false,"sunrise":false,"sunset":false,"publicHolidaysExcluded":false},{"dayOfWeek":4,"startTime":"00:00","endTime":"00:00","byNotam":false,"sunrise":false,"sunset":false,"publicHolidaysExcluded":false},{"dayOfWeek":5,"startTime":"00:00","endTime":"00:00","byNotam":false,"sunrise":false,"sunset":false,"publicHolidaysExcluded":false},{"dayOfWeek":6,"startTime":"00:00","endTime":"00:00","byNotam":false,"sunrise":false,"sunset":false,"publicHolidaysExcluded":false}]},"deletable":true}},{"type":"Feature","geometry":{"type":"Polygon","coordinates":[[[-75.60333,10.40056],[-75.60333,10.31944],[-75.53667,10.31944],[-75.53667,10.40056],[-75.56167,10.44722],[-75.56167,10.40056],[-75.60333,10.40056]]]},"properties":{"_id":"677d3569c4d29dbb7301a589","createdBy":"OPONcQnzWGOLiJSceNaf8pvx1fA2","createdAt":"2025-01-07T14:08:41.187Z","updatedBy":"OPONcQnzWGOLiJSceNaf8pvx1fA2","updatedAt":"2025-01-07T14:10:21.618Z","name":"SKR17/CARTAGENA","dataIngestion":true,"type":1,"icaoClass":8,"activity":0,"onDemand":false,"onRequest":false,"byNotam":false,"specialAgreement":false,"requestCompliance":false,"country":"CO","upperLimit":{"value":2000,"unit":1,"referenceDatum":1},"lowerLimit":{"value":0,"unit":1,"referenceDatum":0},"hoursOfOperation":{"operatingHours":[{"dayOfWeek":0,"startTime":"00:00","endTime":"00:00","byNotam":false,"sunrise":false,"sunset":false,"publicHolidaysExcluded":false},{"dayOfWeek":1,"startTime":"00:00","endTime":"00:00","byNotam":false,"sunrise":false,"sunset":false,"publicHolidaysExcluded":false},{"dayOfWeek":2,"startTime":"00:00","endTime":"00:00","byNotam":false,"sunrise":false,"sunset":false,"publicHolidaysExcluded":false},{"dayOfWeek":3,"startTime":"00:00","endTime":"00:00","byNotam":false,"sunrise":false,"sunset":false,"publicHolidaysExcluded":false},{"dayOfWeek":4,"startTime":"00:00","endTime":"00:00","byNotam":false,"sunrise":false,"sunset":false,"publicHolidaysExcluded":false},{"dayOfWeek":5,"startTime":"00:00","endTime":"00:00","byNotam":false,"sunrise":false,"sunset":false,"publicHolidaysExcluded":false},{"dayOfWeek":6,"startTime":"00:00","endTime":"00:00","byNotam":false,"sunrise":false,"sunset":false,"publicHolidaysExcluded":false}]},"deletable":true}},{"type":"Feature","geometry":{"type":"Polygon","coordinates":[[[-77.29557233015751,3.8464205239712776],[-77.29443606920444,3.8589261521652607],[-77.29277589972435,3.871373334885968],[-77.29059471139806,3.8837402330791586],[-77.2878963083986,3.896005147580733],[-77.28468540287965,3.9081465572038105],[-77.28096760686799,3.920143156520518],[-77.27674942257273,3.931973893272083],[-77.27203823112762,3.943618005341443],[-77.26684227978424,3.955055057223259],[-77.26117066757816,3.9662649759270985],[-77.25503332949168,3.977228086250452],[-77.24844101913997,3.987925145359326],[-77.24140529001004,3.9983373766153036],[-77.23393847528456,4.008446502589274],[-77.22605366628515,4.018234777203365],[-77.21776468957202,4.027685016944156],[-77.20908608273983,4.036780631091816],[-77.20003306895143,4.045505650911495],[-77.19062153025389,4.053844757755125],[-77.1808679797234,4.061783310023679],[-77.1707895324875,4.069307368941861],[-77.16040387567573,4.0764037230993715],[-77.14972923735135,4.083059911714965],[-77.14154486773587,4.087756133717218],[-77.23874069562264,4.262539013856993],[-77.25238321350697,4.25471031443786],[-77.2701764664901,4.243614367885843],[-77.28748767405885,4.2317847345006845],[-77.30428644451993,4.219242200149448],[-77.32054329095344,4.206008802132678],[-77.3362296830388,4.192107790265747],[-77.35131809715547,4.1775635858307645],[-77.36578206467065,4.162401738473257],[-77.3795962183296,4.14664888112135],[-77.39273633666816,4.13033268300866],[-77.40517938637075,4.113481800885348],[-77.41690356250106,4.096125828504855],[-77.42788832653696,4.078295244476819],[-77.43811444214505,4.060021358579384],[-77.44756400863481,4.041336256626677],[-77.4562204920362,4.022272743989668],[-77.46406875374967,4.002864287870789],[-77.47109507672145,3.9831449584347376],[-77.47728718910129,3.96314936889972],[-77.4826342853453,3.9429126146950497],[-77.48712704473013,3.922470211792459],[-77.49075764724978,3.901858034319775],[-77.49351978687106,3.8811122515666643],[-77.49540868212792,3.860269264493093],[-77.29557233015751,3.8464205239712776]]]},"properties":{"_id":"677d3569c4d29dbb7301a58c","createdBy":"OPONcQnzWGOLiJSceNaf8pvx1fA2","createdAt":"2025-01-07T14:08:41.202Z","updatedBy":"OPONcQnzWGOLiJSceNaf8pvx1fA2","updatedAt":"2025-01-07T14:10:21.748Z","name":"SKR18 / BAHIA MALAGA","dataIngestion":true,"type":1,"icaoClass":8,"activity":0,"onDemand":false,"onRequest":false,"byNotam":false,"specialAgreement":false,"requestCompliance":false,"country":"CO","upperLimit":{"value":5500,"unit":1,"referenceDatum":1},"lowerLimit":{"value":0,"unit":1,"referenceDatum":0},"hoursOfOperation":{"operatingHours":[{"dayOfWeek":0,"startTime":"00:00","endTime":"00:00","byNotam":false,"sunrise":false,"sunset":false,"publicHolidaysExcluded":false},{"dayOfWeek":1,"startTime":"00:00","endTime":"00:00","byNotam":false,"sunrise":false,"sunset":false,"publicHolidaysExcluded":false},{"dayOfWeek":2,"startTime":"00:00","endTime":"00:00","byNotam":false,"sunrise":false,"sunset":false,"publicHolidaysExcluded":false},{"dayOfWeek":3,"startTime":"00:00","endTime":"00:00","byNotam":false,"sunrise":false,"sunset":false,"publicHolidaysExcluded":false},{"dayOfWeek":4,"startTime":"00:00","endTime":"00:00","byNotam":false,"sunrise":false,"sunset":false,"publicHolidaysExcluded":false},{"dayOfWeek":5,"startTime":"00:00","endTime":"00:00","byNotam":false,"sunrise":false,"sunset":false,"publicHolidaysExcluded":false},{"dayOfWeek":6,"startTime":"00:00","endTime":"00:00","byNotam":false,"sunrise":false,"sunset":false,"publicHolidaysExcluded":false}]},"deletable":true}},{"type":"Feature","geometry":{"type":"Polygon","coordinates":[[[-75.65694,6.17361],[-75.64861,6.13833],[-75.625,6.14389],[-75.63306,6.17917],[-75.65694,6.17361]]]},"properties":{"_id":"677d3569c4d29dbb7301a58f","createdBy":"OPONcQnzWGOLiJSceNaf8pvx1fA2","createdAt":"2025-01-07T14:08:41.220Z","updatedBy":"OPONcQnzWGOLiJSceNaf8pvx1fA2","updatedAt":"2025-01-07T14:10:21.919Z","name":"SKR19/MEDELLIN","dataIngestion":true,"type":1,"icaoClass":8,"activity":0,"onDemand":false,"onRequest":false,"byNotam":false,"specialAgreement":false,"requestCompliance":false,"country":"CO","upperLimit":{"value":7500,"unit":1,"referenceDatum":1},"lowerLimit":{"value":0,"unit":1,"referenceDatum":0},"hoursOfOperation":{"operatingHours":[{"dayOfWeek":0,"startTime":"00:00","endTime":"00:00","byNotam":false,"sunrise":false,"sunset":false,"publicHolidaysExcluded":false},{"dayOfWeek":1,"startTime":"00:00","endTime":"00:00","byNotam":false,"sunrise":false,"sunset":false,"publicHolidaysExcluded":false},{"dayOfWeek":2,"startTime":"00:00","endTime":"00:00","byNotam":false,"sunrise":false,"sunset":false,"publicHolidaysExcluded":false},{"dayOfWeek":3,"startTime":"00:00","endTime":"00:00","byNotam":false,"sunrise":false,"sunset":false,"publicHolidaysExcluded":false},{"dayOfWeek":4,"startTime":"00:00","endTime":"00:00","byNotam":false,"sunrise":false,"sunset":false,"publicHolidaysExcluded":false},{"dayOfWeek":5,"startTime":"00:00","endTime":"00:00","byNotam":false,"sunrise":false,"sunset":false,"publicHolidaysExcluded":false},{"dayOfWeek":6,"startTime":"00:00","endTime":"00:00","byNotam":false,"sunrise":false,"sunset":false,"publicHolidaysExcluded":false}]},"deletable":true}},{"type":"Feature","geometry":{"type":"Polygon","coordinates":[[[-76.88,8.14722],[-76.88,8.09722],[-76.79667,8.09722],[-76.79667,8.14722],[-76.88,8.14722]]]},"properties":{"_id":"677d3569c4d29dbb7301a592","createdBy":"OPONcQnzWGOLiJSceNaf8pvx1fA2","createdAt":"2025-01-07T14:08:41.239Z","updatedBy":"OPONcQnzWGOLiJSceNaf8pvx1fA2","updatedAt":"2025-01-07T14:10:22.050Z","name":"SKR25/AERODROMO","dataIngestion":true,"type":1,"icaoClass":8,"activity":0,"onDemand":false,"onRequest":false,"byNotam":false,"specialAgreement":false,"requestCompliance":false,"country":"CO","upperLimit":{"value":5000,"unit":1,"referenceDatum":1},"lowerLimit":{"value":0,"unit":1,"referenceDatum":0},"hoursOfOperation":{"operatingHours":[{"dayOfWeek":0,"startTime":"00:00","endTime":"00:00","byNotam":false,"sunrise":false,"sunset":false,"publicHolidaysExcluded":false},{"dayOfWeek":1,"startTime":"00:00","endTime":"00:00","byNotam":false,"sunrise":false,"sunset":false,"publicHolidaysExcluded":false},{"dayOfWeek":2,"startTime":"00:00","endTime":"00:00","byNotam":false,"sunrise":false,"sunset":false,"publicHolidaysExcluded":false},{"dayOfWeek":3,"startTime":"00:00","endTime":"00:00","byNotam":false,"sunrise":false,"sunset":false,"publicHolidaysExcluded":false},{"dayOfWeek":4,"startTime":"00:00","endTime":"00:00","byNotam":false,"sunrise":false,"sunset":false,"publicHolidaysExcluded":false},{"dayOfWeek":5,"startTime":"00:00","endTime":"00:00","byNotam":false,"sunrise":false,"sunset":false,"publicHolidaysExcluded":false},{"dayOfWeek":6,"startTime":"00:00","endTime":"00:00","byNotam":false,"sunrise":false,"sunset":false,"publicHolidaysExcluded":false}]},"deletable":true}},{"type":"Feature","geometry":{"type":"Polygon","coordinates":[[[-69.51,5.66667],[-69.51,4.58333],[-68,4.85],[-68,5.91667],[-69.51,5.66667]]]},"properties":{"_id":"677d3569c4d29dbb7301a595","createdBy":"OPONcQnzWGOLiJSceNaf8pvx1fA2","createdAt":"2025-01-07T14:08:41.253Z","updatedBy":"OPONcQnzWGOLiJSceNaf8pvx1fA2","updatedAt":"2025-01-07T14:10:22.163Z","name":"SKR26/MARANDUA","dataIngestion":true,"type":1,"icaoClass":8,"activity":0,"onDemand":false,"onRequest":false,"byNotam":false,"specialAgreement":false,"requestCompliance":false,"country":"CO","upperLimit":{"value":12500,"unit":1,"referenceDatum":1},"lowerLimit":{"value":0,"unit":1,"referenceDatum":0},"hoursOfOperation":{"operatingHours":[{"dayOfWeek":0,"startTime":"00:00","endTime":"00:00","byNotam":false,"sunrise":false,"sunset":false,"publicHolidaysExcluded":false},{"dayOfWeek":1,"startTime":"00:00","endTime":"00:00","byNotam":false,"sunrise":false,"sunset":false,"publicHolidaysExcluded":false},{"dayOfWeek":2,"startTime":"00:00","endTime":"00:00","byNotam":false,"sunrise":false,"sunset":false,"publicHolidaysExcluded":false},{"dayOfWeek":3,"startTime":"00:00","endTime":"00:00","byNotam":false,"sunrise":false,"sunset":false,"publicHolidaysExcluded":false},{"dayOfWeek":4,"startTime":"00:00","endTime":"00:00","byNotam":false,"sunrise":false,"sunset":false,"publicHolidaysExcluded":false},{"dayOfWeek":5,"startTime":"00:00","endTime":"00:00","byNotam":false,"sunrise":false,"sunset":false,"publicHolidaysExcluded":false},{"dayOfWeek":6,"startTime":"00:00","endTime":"00:00","byNotam":false,"sunrise":false,"sunset":false,"publicHolidaysExcluded":false}]},"deletable":true}},{"type":"Feature","geometry":{"type":"Polygon","coordinates":[[[-75.09528,1.30889],[-75.10737932946685,1.2892867216680386],[-75.12028892829905,1.2702070875718088],[-75.13398614394724,1.251684555705896],[-75.14844694440504,1.2337516067181495],[-75.1636459603248,1.216439687016099],[-75.1795565294672,1.199779153683406],[-75.19615074340777,1.1837992213026138],[-75.21339949641957,1.1685279107772222],[-75.23127253644802,1.1539920002426804],[-75.24973851808933,1.1402169781523257],[-75.26876505748102,1.1272269986205306],[-75.28831878900945,1.1150448391014605],[-75.3083654237358,1.1036918604777892],[-75.3288698094391,1.0931879696295514],[-75.34979599217196,1.0835515845490133],[-75.37110727922145,1.074799602063001],[-75.39276630336573,1.0669473682195845],[-75.41473508831395,1.0600086513913574],[-75.436975115215,1.053995618142791],[-75.45944739011911,1.0489188119042883],[-75.48211251227342,1.0447871344906343],[-75.50493074313265,1.04160783049652],[-75.52786207596283,1.0393864745967456],[-75.55086630591686,1.038126961773585],[-75.57390310045784,1.0378315004886045],[-75.59693207000731,1.038500608811031],[-75.61991283869332,1.040133113509526],[-75.64280511507489,1.0427261521089746],[-75.66556876271757,1.046275177908641],[-75.68816387049684,1.0507739679528136],[-75.71055082250538,1.05621463393982],[-75.72306,1.05972],[-75.72306,1.05972],[-75.72989269305651,1.0488272928745528],[-75.74229710130555,1.0277782122142807],[-75.75380892931804,1.0062282196429988],[-75.76440799968876,0.9842151277745005],[-75.77407573726528,0.9617775606874325],[-75.7827952015245,0.938954886134694],[-75.79055111607904,0.9157871464598599],[-75.79732989526421,0.8923149883417587],[-75.80311966776175,0.8685795914902245],[-75.80791029722093,0.8446225964177315],[-75.81169339984383,0.8204860314131343],[-75.81446235890556,0.7962122388449593],[-75.81621233618617,0.7718438009228035],[-75.81694028029607,0.7474234650462132],[-75.81664493188178,0.7229940688710552],[-75.81532682570412,0.6985984652238296],[-75.81298828958646,0.6742794469945785],[-75.80963344023525,0.6500796721390272],[-75.80526817594108,0.6260415889204147],[-75.79990016617283,0.6022073615210157],[-75.79353883808346,0.5786187961527403],[-75.78619535995038,0.5553172677953445],[-75.77788262157928,0.5323436476897243],[-75.76861521170459,0.5097382317125282],[-75.75840939242518,0.4875406697568082],[-75.7472830707193,0.4657898962418016],[-75.7352557670866,0.4445240618730083],[-75.72234858137132,0.4237804667716755],[-75.70858415582452,0.4035954950904851],[-75.69398663546856,0.38400455122977917],[-75.67858162583144,0.3650419977659434],[-75.66239614812334,0.34674109520071],[-75.64545859193221,0.3291339436370543],[-75.62779866551953,0.31225142648410736],[-75.60944734380175,0.2961231562900483],[-75.5904368141071,0.2807774227983324],[-75.57080041980137,0.2662411433187806],[-75.55057260188033,0.25253981550111276],[-75.5297888386299,0.23969747259434057],[-75.50848558345913,0.22773664127116036],[-75.48670020101432,0.21667830209201935],[-75.46447090168537,0.20654185267894487],[-75.4418366746196,0.19734507366448312],[-75.41883721935967,0.18910409747624074],[-75.39551287622625,0.18183338001253088],[-75.37190455556738,0.17554567525953643],[-75.34805366599937,0.17025201289519853],[-75.3240020417659,0.1659616789197552],[-75.2997918693432,0.1626821993474775],[-75.27546561342157,0.1604193269887092],[-75.25106594239384,0.1591770313458132],[-75.22663565348276,0.15895749164106926],[-75.20221759764028,0.15976109298898486],[-75.17785460435134,0.1615864257198568],[-75.15358940647589,0.16443028785579317],[-75.1294645652621,0.16828769073477],[-75.10552239566373,0.173151867772675],[-75.08180489209388,0.1790142863476824],[-75.05835365474674,0.18586466278573668],[-75.03520981661718,0.19369098042039434],[-75.0124139713479,0.20247951069480064],[-74.99000610203046,0.21221483726817736],[-74.9680255110867,0.22287988308386858],[-74.94651075135316,0.23445594035075173],[-74.9254995584899,0.24692270338468567],[-74.90502878483228,0.26025830425162605],[-74.88513433480136,0.2744393511491328],[-74.86585110198585,0.2894409694581975],[-74.8472129080052,0.3052368453926644],[-74.82925244326034,0.32179927216900456],[-74.81200120967468,0.3390991986148466],[-74.79548946552495,0.35710628013044193],[-74.77974617245671,0.3757889319132195],[-74.76479894477643,0.3951143843516869],[-74.7506740011071,0.41504874049124596],[-74.73739611849055,0.43555703547096386],[-74.72498858901513,0.4566032978269912],[-74.71347317904308,0.4781506125551739],[-74.70287009110717,0.5001611858224385],[-74.69319792854172,0.5225964112137537],[-74.68447366290835,0.5454169373989117],[-74.67671260427183,0.5685827371009813],[-74.66992837437695,0.5920531772461222],[-74.66413288277187,0.6157870901724785],[-74.65933630591857,0.6397428457740948],[-74.65554706932683,0.6638784244542502],[-74.65277183274122,0.6881514907612425],[-74.6510154784077,0.7125194675785212],[-74.65028110243959,0.7369396107401163],[-74.65057000929829,0.7613690839416042],[-74.65188170939884,0.7857650338163251],[-74.65421391984506,0.8100846650462622],[-74.65756256829404,0.8342853153769123],[-74.66192179994412,0.8583245304055813],[-74.66728398763578,0.8821601380128881],[-74.67363974504936,0.9057503223077894],[-74.68097794297819,0.9290536969572062],[-74.68928572865106,0.9520293777722959],[-74.6985485480719,0.9746370544245996],[-74.70875017134041,0.996837061166678],[-74.71987272091148,1.0185904464334712],[-74.73189670274645,1.0398590412024107],[-74.7448010403044,1.060605525992347],[-74.75856311131626,1.0807934963835912],[-74.77315878728025,1.1003875269437924],[-74.78856247561127,1.119353233447026],[-74.80474716437358,1.1376573332763087],[-74.82168446951992,1.1552677039027939],[-74.83934468455669,1.1721534393381416],[-74.85769683254992,1.1882849044599988],[-74.87670872038244,1.2036337871141192],[-74.89634699516846,1.2181731479004878],[-74.91657720272784,1.2318774675547648],[-74.93736384801812,1.2447226918405445],[-74.95867045741902,1.2566862738722253],[-74.98045964275995,1.2677472137927808],[-75.00269316697852,1.2778860957353475],[-75.02533201129387,1.2870851220023327],[-75.04833644377642,1.2953281444006404],[-75.07166608919253,1.3026006926766867],[-75.09528,1.30889]]]},"properties":{"_id":"677d3569c4d29dbb7301a598","createdBy":"OPONcQnzWGOLiJSceNaf8pvx1fA2","createdAt":"2025-01-07T14:08:41.268Z","updatedBy":"OPONcQnzWGOLiJSceNaf8pvx1fA2","updatedAt":"2025-01-07T14:10:22.264Z","name":"SKR27/TRES ESQUINAS","dataIngestion":true,"type":1,"icaoClass":8,"activity":0,"onDemand":false,"onRequest":false,"byNotam":false,"specialAgreement":false,"requestCompliance":false,"country":"CO","upperLimit":{"value":9000,"unit":1,"referenceDatum":1},"lowerLimit":{"value":0,"unit":1,"referenceDatum":0},"hoursOfOperation":{"operatingHours":[{"dayOfWeek":0,"startTime":"00:00","endTime":"00:00","byNotam":false,"sunrise":false,"sunset":false,"publicHolidaysExcluded":false},{"dayOfWeek":1,"startTime":"00:00","endTime":"00:00","byNotam":false,"sunrise":false,"sunset":false,"publicHolidaysExcluded":false},{"dayOfWeek":2,"startTime":"00:00","endTime":"00:00","byNotam":false,"sunrise":false,"sunset":false,"publicHolidaysExcluded":false},{"dayOfWeek":3,"startTime":"00:00","endTime":"00:00","byNotam":false,"sunrise":false,"sunset":false,"publicHolidaysExcluded":false},{"dayOfWeek":4,"startTime":"00:00","endTime":"00:00","byNotam":false,"sunrise":false,"sunset":false,"publicHolidaysExcluded":false},{"dayOfWeek":5,"startTime":"00:00","endTime":"00:00","byNotam":false,"sunrise":false,"sunset":false,"publicHolidaysExcluded":false},{"dayOfWeek":6,"startTime":"00:00","endTime":"00:00","byNotam":false,"sunrise":false,"sunset":false,"publicHolidaysExcluded":false}]},"deletable":true}},{"type":"Feature","geometry":{"type":"Polygon","coordinates":[[[-73.36944,5.56444],[-73.36862154677311,5.565569629686655],[-73.36775628028317,5.566664155547284],[-73.36684571840252,5.567721657210708],[-73.3658914585012,5.568740279255315],[-73.36489517464507,5.569718234465545],[-73.36385861465915,5.5706538069687195],[-73.3627835970613,5.571545355246729],[-73.36167200787165,5.572391315017259],[-73.36052579730338,5.57319020197951],[-73.35934697634072,5.573940614419573],[-73.3581376132098,5.574641235670888],[-73.3568998297493,5.575290836425451],[-73.35563579768639,5.575888276891702],[-73.35434773482532,5.576432508795332],[-73.35303790115464,5.576922577219424],[-73.35170859488042,5.577357622280775],[-73.35036214839229,5.577736880639376],[-73.34900092416922,5.578059686838444],[-73.34762731063238,5.578325474472635],[-73.34624371795256,5.578533777182352],[-73.34485257381905,5.578684229472472],[-73.34345631917796,5.578776567353965],[-73.34205740394702,5.5788106288073465],[-73.34065828271471,5.578786354067101],[-73.33926141043122,5.578703785726606],[-73.33786923809852,5.578563068663362],[-73.33648420846777,5.578364449784642],[-73.33510875175085,5.578108277594054],[-73.33374528135428,5.5777950015797195],[-73.33239618964241,5.577425171425194],[-73.33106384373788,5.576999436044492],[-73.3297505813663,5.576518542442922],[-73.3284587067527,5.57598333440573],[-73.32719048657695,5.57539475101686],[-73.32594814599516,5.574753825010457],[-73.3247338647341,5.574061680957956],[-73.32354977326555,5.573319533294032],[-73.3223979490673,5.572528684184782],[-73.3212804129772,5.571690521241985],[-73.320199125647,5.570806515087381],[-73.31915598410183,5.569878216771301],[-73.31815281841168,5.568907255050169],[-73.31719138848045,5.567895333527655],[-73.31627338095855,5.566844227664527],[-73.31540040628396,5.565755781662425],[-73.31457399585754,5.564631905227072],[-73.31379559935702,5.563474570216582],[-73.3130665821947,5.562285807180768],[-73.31238822312318,5.561067701797523],[-73.31176171199337,5.55982239121255],[-73.31118814766869,5.558552060288854],[-73.31066853609893,5.557258937772583],[-73.31020378855757,5.555945292381988],[-73.31,5.55528],[-73.31,5.55528],[-73.30870463019914,5.5551002356958],[-73.30531250930893,5.555942880463334],[-73.30195880584034,5.556926146979507],[-73.29864940113534,5.558048310960607],[-73.2953900989452,5.559307404538142],[-73.29218661526328,5.560701219705712],[-73.28904456831053,5.562227312186598],[-73.28596946869166,5.563883005715295],[-73.282966709739,5.5656653967255725],[-73.28004155806073,5.567571359436826],[-73.27719914431027,5.569597551329882],[-73.27444445419286,5.571740419002708],[-73.27178231972498,5.573996204395785],[-73.26921741076195,5.576360951376302],[-73.26675422680863,5.578830512669663],[-73.26439708912736,5.58140055712623],[-73.26215013315723,5.584066577310587],[-73.26001730125773,5.586823897400095],[-73.25800233578964,5.589667681378936],[-73.25610877254535,5.592592941513325],[-73.25433993454011,5.595594547093105],[-73.25269892617506,5.598667233424419],[-73.2511886277825,5.601805611057765],[-73.24981169056291,5.6050041752352815],[-73.24857053192262,5.608257315540775],[-73.24746733122059,5.611559325735565],[-73.24650402593159,5.614904413762984],[-73.24568230823279,5.618286711903989],[-73.24500362201975,5.621700287066147],[-73.24446916035724,5.625139151187922],[-73.24407986336932,5.628597271740125],[-73.24383641657259,5.632068582306051],[-73.2437392496558,5.635546993221801],[-73.24378853570781,5.639026402258167],[-73.24398419089545,5.6425007053252765],[-73.24432587459229,5.645963807181314],[-73.2448129899576,5.649409632126456],[-73.24544468496539,5.652832134663312],[-73.24621985388112,5.656225310105118],[-73.24713713918406,5.6595832051130985],[-73.24819493393203,5.662899928144443],[-73.24939138456422,5.6661696597925895],[-73.25072439413758,5.669386663001604],[-73.25219162599112,5.672545293136739],[-73.25379050783162,5.675640007893427],[-73.25551823623408,5.678665377027312],[-73.25737178154863,5.681616091888183],[-73.25934789320573,5.6844869747410325],[-73.26144310541028,5.687272987857849],[-73.26365374321472,5.689969242364105],[-73.26597592896054,5.692571006824402],[-73.26840558907693,5.695073715552095],[-73.27093846122473,5.697472976628304],[-73.27357010177296,5.699764579616156],[-73.27629589359526,5.701944502956636],[-73.27911105417193,5.704008921033058],[-73.28201064398407,5.705954210891645],[-73.28498957518434,5.707776958606391],[-73.2880426205297,5.709473965276963],[-73.29116442256006,5.7110422526490625],[-73.29434950300676,5.712479068347317],[-73.29759227241433,5.713781890711487],[-73.30088703995865,5.714948433227412],[-73.30422802344395,5.715976648544898],[-73.3076093594614,5.716864732075455],[-73.3110251136908,5.717611125163488],[-73.31446929132808,5.718214517825404],[-73.31793584761898,5.71867385105173],[-73.32141869848155,5.718988318668221],[-73.32491173119773,5.719157368752641],[-73.32840881515591,5.71918070460474],[-73.33190381262466,5.71905828526768],[-73.3353905895394,5.718790325600017],[-73.3388630262825,5.718377295898104],[-73.3423150284377,5.717819921069564],[-73.34574053750019,5.717119179359324],[-73.34913354152322,5.7162763006304464],[-73.35248808568223,5.715292764202775],[-73.35579828273848,5.714170296253267],[-73.35905832338287,5.712910866782541],[-73.36226248644232,5.711516686153052],[-73.36540514893056,5.709990201204989],[-73.3684807959253,5.70833409095673],[-73.3714840302548,5.706551261897507],[-73.3744095819765,5.70464484288053],[-73.3772523176309,5.702618179625633],[-73.38000724925492,5.700474828841121],[-73.38266954313806,5.698218551975196],[-73.38523452830687,5.695853308608003],[-73.38769770472199,5.693383249495931],[-73.39005475117393,5.690812709280463],[-73.39230153286356,5.688146198874404],[-73.39443410865388,5.685388397538942],[-73.39644873798053,5.6825441446654885],[-73.39834188740893,5.679618431276779],[-73.40011023682646,5.676616391262218],[-73.4017506852591,5.673543292362905],[-73.40326035630206,5.670404526922203],[-73.40463660315531,5.667205602418152],[-73.40587701325491,5.66395213179437],[-73.40697941249238,5.660649823606475],[-73.40794186901465,5.657304472001334],[-73.40876269659802,5.653921946546791],[-73.40944045759042,5.650508181929716],[-73.40997396541685,5.647069167540524],[-73.41036228664372,5.64361093696242],[-73.41060474259864,5.64013955738386],[-73.41070091054289,5.6366611189528095],[-73.41065062439466,5.6331817240914805],[-73.41045397500206,5.629707476790315],[-73.41011130996515,5.626244471899974],[-73.40962323300799,5.622798784440139],[-73.40899060290145,5.6193764589438455],[-73.40821453193912,5.61598349885605],[-73.4072963839689,5.612625856004978],[-73.40623777198395,5.609309420164753],[-73.40504055527741,5.606040008727502],[-73.40370683616577,5.60282335650312],[-73.40223895628698,5.599665105664456],[-73.40063949247961,5.596570795855595],[-73.39891125225081,5.59354585448048],[-73.39705726884054,5.590595587188912],[-73.39508079589126,5.587725168576527],[-73.3929853017323,5.584939633115028],[-73.39077446328896,5.582243866328539],[-73.38845215962711,5.57964259623146],[-73.38602246514465,5.577140385042833],[-73.38348964242185,5.574741621191657],[-73.380858134743,5.5724505116271335],[-73.37813255830254,5.5702710744472625],[-73.3753176941094,5.568207131858657],[-73.3724184796036,5.566262303479886],[-73.36944,5.56444]]]},"properties":{"_id":"677d3569c4d29dbb7301a59b","createdBy":"OPONcQnzWGOLiJSceNaf8pvx1fA2","createdAt":"2025-01-07T14:08:41.289Z","updatedBy":"OPONcQnzWGOLiJSceNaf8pvx1fA2","updatedAt":"2025-01-07T14:10:22.395Z","name":"SKR33/TUNJA","dataIngestion":true,"type":1,"icaoClass":8,"activity":0,"onDemand":false,"onRequest":false,"byNotam":false,"specialAgreement":false,"requestCompliance":false,"country":"CO","upperLimit":{"value":13000,"unit":1,"referenceDatum":1},"lowerLimit":{"value":0,"unit":1,"referenceDatum":0},"hoursOfOperation":{"operatingHours":[{"dayOfWeek":0,"startTime":"00:00","endTime":"00:00","byNotam":false,"sunrise":false,"sunset":false,"publicHolidaysExcluded":false},{"dayOfWeek":1,"startTime":"00:00","endTime":"00:00","byNotam":false,"sunrise":false,"sunset":false,"publicHolidaysExcluded":false},{"dayOfWeek":2,"startTime":"00:00","endTime":"00:00","byNotam":false,"sunrise":false,"sunset":false,"publicHolidaysExcluded":false},{"dayOfWeek":3,"startTime":"00:00","endTime":"00:00","byNotam":false,"sunrise":false,"sunset":false,"publicHolidaysExcluded":false},{"dayOfWeek":4,"startTime":"00:00","endTime":"00:00","byNotam":false,"sunrise":false,"sunset":false,"publicHolidaysExcluded":false},{"dayOfWeek":5,"startTime":"00:00","endTime":"00:00","byNotam":false,"sunrise":false,"sunset":false,"publicHolidaysExcluded":false},{"dayOfWeek":6,"startTime":"00:00","endTime":"00:00","byNotam":false,"sunrise":false,"sunset":false,"publicHolidaysExcluded":false}]},"deletable":true}},{"type":"Feature","geometry":{"type":"Polygon","coordinates":[[[-74.87722,4.25667],[-74.85361,4.23306],[-74.82417,4.2625],[-74.84778,4.28611],[-74.87722,4.25667]]]},"properties":{"_id":"677d3569c4d29dbb7301a59e","createdBy":"OPONcQnzWGOLiJSceNaf8pvx1fA2","createdAt":"2025-01-07T14:08:41.311Z","updatedBy":"OPONcQnzWGOLiJSceNaf8pvx1fA2","updatedAt":"2025-01-07T14:10:22.530Z","name":"SKR39/GIRARDOT","dataIngestion":true,"type":1,"icaoClass":8,"activity":0,"onDemand":false,"onRequest":false,"byNotam":false,"specialAgreement":false,"requestCompliance":false,"country":"CO","upperLimit":{"value":2500,"unit":1,"referenceDatum":1},"lowerLimit":{"value":0,"unit":1,"referenceDatum":0},"hoursOfOperation":{"operatingHours":[{"dayOfWeek":0,"startTime":"00:00","endTime":"00:00","byNotam":false,"sunrise":false,"sunset":false,"publicHolidaysExcluded":false},{"dayOfWeek":1,"startTime":"00:00","endTime":"00:00","byNotam":false,"sunrise":false,"sunset":false,"publicHolidaysExcluded":false},{"dayOfWeek":2,"startTime":"00:00","endTime":"00:00","byNotam":false,"sunrise":false,"sunset":false,"publicHolidaysExcluded":false},{"dayOfWeek":3,"startTime":"00:00","endTime":"00:00","byNotam":false,"sunrise":false,"sunset":false,"publicHolidaysExcluded":false},{"dayOfWeek":4,"startTime":"00:00","endTime":"00:00","byNotam":false,"sunrise":false,"sunset":false,"publicHolidaysExcluded":false},{"dayOfWeek":5,"startTime":"00:00","endTime":"00:00","byNotam":false,"sunrise":false,"sunset":false,"publicHolidaysExcluded":false},{"dayOfWeek":6,"startTime":"00:00","endTime":"00:00","byNotam":false,"sunrise":false,"sunset":false,"publicHolidaysExcluded":false}]},"deletable":true}},{"type":"Feature","geometry":{"type":"Polygon","coordinates":[[[-74.08111,4.62556],[-74.1075,4.58361],[-74.08806,4.57111],[-74.06861,4.57111],[-74.05556,4.60556],[-74.07028,4.61111],[-74.08111,4.62556]]]},"properties":{"_id":"677d3569c4d29dbb7301a5a1","createdBy":"OPONcQnzWGOLiJSceNaf8pvx1fA2","createdAt":"2025-01-07T14:08:41.327Z","updatedBy":"OPONcQnzWGOLiJSceNaf8pvx1fA2","updatedAt":"2025-01-07T14:10:22.650Z","name":"SKR40/ORION","dataIngestion":true,"type":1,"icaoClass":8,"activity":0,"onDemand":false,"onRequest":false,"byNotam":false,"specialAgreement":false,"requestCompliance":false,"country":"CO","upperLimit":{"value":18500,"unit":1,"referenceDatum":1},"lowerLimit":{"value":0,"unit":1,"referenceDatum":0},"hoursOfOperation":{"operatingHours":[{"dayOfWeek":0,"startTime":"00:00","endTime":"00:00","byNotam":false,"sunrise":false,"sunset":false,"publicHolidaysExcluded":false},{"dayOfWeek":1,"startTime":"00:00","endTime":"00:00","byNotam":false,"sunrise":false,"sunset":false,"publicHolidaysExcluded":false},{"dayOfWeek":2,"startTime":"00:00","endTime":"00:00","byNotam":false,"sunrise":false,"sunset":false,"publicHolidaysExcluded":false},{"dayOfWeek":3,"startTime":"00:00","endTime":"00:00","byNotam":false,"sunrise":false,"sunset":false,"publicHolidaysExcluded":false},{"dayOfWeek":4,"startTime":"00:00","endTime":"00:00","byNotam":false,"sunrise":false,"sunset":false,"publicHolidaysExcluded":false},{"dayOfWeek":5,"startTime":"00:00","endTime":"00:00","byNotam":false,"sunrise":false,"sunset":false,"publicHolidaysExcluded":false},{"dayOfWeek":6,"startTime":"00:00","endTime":"00:00","byNotam":false,"sunrise":false,"sunset":false,"publicHolidaysExcluded":false}]},"deletable":true}},{"type":"Feature","geometry":{"type":"Polygon","coordinates":[[[-76.38833,3.79722],[-76.47167,3.79722],[-76.57167,3.52222],[-76.48833,3.52222],[-76.38833,3.79722]]]},"properties":{"_id":"677d3569c4d29dbb7301a574","createdBy":"OPONcQnzWGOLiJSceNaf8pvx1fA2","createdAt":"2025-01-07T14:08:41.077Z","updatedBy":"OPONcQnzWGOLiJSceNaf8pvx1fA2","updatedAt":"2025-01-07T14:10:20.536Z","name":"SKR5 CORREDOR","dataIngestion":true,"type":1,"icaoClass":8,"activity":0,"onDemand":false,"onRequest":false,"byNotam":false,"specialAgreement":false,"requestCompliance":false,"country":"CO","upperLimit":{"value":5000,"unit":1,"referenceDatum":1},"lowerLimit":{"value":0,"unit":1,"referenceDatum":0},"hoursOfOperation":{"operatingHours":[{"dayOfWeek":0,"startTime":"00:00","endTime":"00:00","byNotam":false,"sunrise":false,"sunset":false,"publicHolidaysExcluded":false},{"dayOfWeek":1,"startTime":"00:00","endTime":"00:00","byNotam":false,"sunrise":false,"sunset":false,"publicHolidaysExcluded":false},{"dayOfWeek":2,"startTime":"00:00","endTime":"00:00","byNotam":false,"sunrise":false,"sunset":false,"publicHolidaysExcluded":false},{"dayOfWeek":3,"startTime":"00:00","endTime":"00:00","byNotam":false,"sunrise":false,"sunset":false,"publicHolidaysExcluded":false},{"dayOfWeek":4,"startTime":"00:00","endTime":"00:00","byNotam":false,"sunrise":false,"sunset":false,"publicHolidaysExcluded":false},{"dayOfWeek":5,"startTime":"00:00","endTime":"00:00","byNotam":false,"sunrise":false,"sunset":false,"publicHolidaysExcluded":false},{"dayOfWeek":6,"startTime":"00:00","endTime":"00:00","byNotam":false,"sunrise":false,"sunset":false,"publicHolidaysExcluded":false}]},"deletable":true}},{"type":"Feature","geometry":{"type":"Polygon","coordinates":[[[-76.36333,4.06389],[-76.51333,3.79722],[-76.31111,3.79722],[-76.21333,4.03056],[-76.36333,4.06389]]]},"properties":{"_id":"677d3569c4d29dbb7301a571","createdBy":"OPONcQnzWGOLiJSceNaf8pvx1fA2","createdAt":"2025-01-07T14:08:41.063Z","updatedBy":"OPONcQnzWGOLiJSceNaf8pvx1fA2","updatedAt":"2025-01-07T14:10:20.389Z","name":"SKR5 NORTE","dataIngestion":true,"type":1,"icaoClass":8,"activity":0,"onDemand":false,"onRequest":false,"byNotam":false,"specialAgreement":false,"requestCompliance":false,"country":"CO","upperLimit":{"value":6500,"unit":1,"referenceDatum":1},"lowerLimit":{"value":0,"unit":1,"referenceDatum":0},"hoursOfOperation":{"operatingHours":[{"dayOfWeek":0,"startTime":"00:00","endTime":"00:00","byNotam":false,"sunrise":false,"sunset":false,"publicHolidaysExcluded":false},{"dayOfWeek":1,"startTime":"00:00","endTime":"00:00","byNotam":false,"sunrise":false,"sunset":false,"publicHolidaysExcluded":false},{"dayOfWeek":2,"startTime":"00:00","endTime":"00:00","byNotam":false,"sunrise":false,"sunset":false,"publicHolidaysExcluded":false},{"dayOfWeek":3,"startTime":"00:00","endTime":"00:00","byNotam":false,"sunrise":false,"sunset":false,"publicHolidaysExcluded":false},{"dayOfWeek":4,"startTime":"00:00","endTime":"00:00","byNotam":false,"sunrise":false,"sunset":false,"publicHolidaysExcluded":false},{"dayOfWeek":5,"startTime":"00:00","endTime":"00:00","byNotam":false,"sunrise":false,"sunset":false,"publicHolidaysExcluded":false},{"dayOfWeek":6,"startTime":"00:00","endTime":"00:00","byNotam":false,"sunrise":false,"sunset":false,"publicHolidaysExcluded":false}]},"deletable":true}},{"type":"Feature","geometry":{"type":"Polygon","coordinates":[[[-76.57167,3.52222],[-76.86333,2.61389],[-76.49667,2.61389],[-76.25917,3.17722],[-76.48833,3.17639],[-76.48833,3.52222],[-76.57167,3.52222]]]},"properties":{"_id":"677d3569c4d29dbb7301a577","createdBy":"OPONcQnzWGOLiJSceNaf8pvx1fA2","createdAt":"2025-01-07T14:08:41.090Z","updatedBy":"OPONcQnzWGOLiJSceNaf8pvx1fA2","updatedAt":"2025-01-07T14:10:20.672Z","name":"SKR5 SUR","dataIngestion":true,"type":1,"icaoClass":8,"activity":0,"onDemand":false,"onRequest":false,"byNotam":false,"specialAgreement":false,"requestCompliance":false,"country":"CO","upperLimit":{"value":8000,"unit":1,"referenceDatum":1},"lowerLimit":{"value":0,"unit":1,"referenceDatum":0},"hoursOfOperation":{"operatingHours":[{"dayOfWeek":0,"startTime":"00:00","endTime":"00:00","byNotam":false,"sunrise":false,"sunset":false,"publicHolidaysExcluded":false},{"dayOfWeek":1,"startTime":"00:00","endTime":"00:00","byNotam":false,"sunrise":false,"sunset":false,"publicHolidaysExcluded":false},{"dayOfWeek":2,"startTime":"00:00","endTime":"00:00","byNotam":false,"sunrise":false,"sunset":false,"publicHolidaysExcluded":false},{"dayOfWeek":3,"startTime":"00:00","endTime":"00:00","byNotam":false,"sunrise":false,"sunset":false,"publicHolidaysExcluded":false},{"dayOfWeek":4,"startTime":"00:00","endTime":"00:00","byNotam":false,"sunrise":false,"sunset":false,"publicHolidaysExcluded":false},{"dayOfWeek":5,"startTime":"00:00","endTime":"00:00","byNotam":false,"sunrise":false,"sunset":false,"publicHolidaysExcluded":false},{"dayOfWeek":6,"startTime":"00:00","endTime":"00:00","byNotam":false,"sunrise":false,"sunset":false,"publicHolidaysExcluded":false}]},"deletable":true}},{"type":"Feature","geometry":{"type":"Polygon","coordinates":[[[-74.78472,4.24667],[-74.90444,3.91528],[-74.48990223405758,3.9750612485731844],[-74.48470729857422,3.9842860160179354],[-74.47633229740185,4.000384910603336],[-74.46864010058509,4.0168194570997855],[-74.46164423331552,4.033560844439275],[-74.45535700261004,4.050579721978173],[-74.44978947551277,4.067846250845842],[-74.44495145944764,4.085330156157866],[-74.44085148475787,4.103000780003366],[-74.43749678946408,4.120827135114459],[-74.43489330626934,4.138777959124697],[-74.43304565183583,4.156821769322223],[-74.43195711835362,4.174926917802433],[-74.43162966741895,4.193061646924199],[-74.43206392623433,4.2111941449730175],[-74.4332591861403,4.229292601934086],[-74.43521340348333,4.2473252652779285],[-74.4379232028214,4.26526049566111],[-74.44138388246421,4.283066822444598],[-74.44558942234137,4.30071299893254],[-74.45053249418721,4.318168057234558],[-74.45620447402774,4.335401362655237],[-74.46259545695048,4.35238266751512],[-74.46969427413426,4.369082164308474],[-74.47748851211188,4.38547053810401],[-74.48596453423474,4.401519018096028],[-74.49510750430436,4.417199428214764],[-74.50490141233182,4.432484236706273],[-74.51532910238251,4.447346604593818],[-74.5263723024594,4.461760432934655],[-74.5380116563744,4.475700408788034],[-74.72917,4.33861],[-74.69972,4.30417],[-74.78472,4.24667]]]},"properties":{"_id":"677d3569c4d29dbb7301a57a","createdBy":"OPONcQnzWGOLiJSceNaf8pvx1fA2","createdAt":"2025-01-07T14:08:41.105Z","updatedBy":"OPONcQnzWGOLiJSceNaf8pvx1fA2","updatedAt":"2025-01-07T14:10:20.862Z","name":"SKR9 / MELGAR","dataIngestion":true,"type":1,"icaoClass":8,"activity":0,"onDemand":false,"onRequest":false,"byNotam":false,"specialAgreement":false,"requestCompliance":false,"country":"CO","upperLimit":{"value":8500,"unit":1,"referenceDatum":1},"lowerLimit":{"value":0,"unit":1,"referenceDatum":0},"hoursOfOperation":{"operatingHours":[{"dayOfWeek":0,"startTime":"00:00","endTime":"00:00","byNotam":false,"sunrise":false,"sunset":false,"publicHolidaysExcluded":false},{"dayOfWeek":1,"startTime":"00:00","endTime":"00:00","byNotam":false,"sunrise":false,"sunset":false,"publicHolidaysExcluded":false},{"dayOfWeek":2,"startTime":"00:00","endTime":"00:00","byNotam":false,"sunrise":false,"sunset":false,"publicHolidaysExcluded":false},{"dayOfWeek":3,"startTime":"00:00","endTime":"00:00","byNotam":false,"sunrise":false,"sunset":false,"publicHolidaysExcluded":false},{"dayOfWeek":4,"startTime":"00:00","endTime":"00:00","byNotam":false,"sunrise":false,"sunset":false,"publicHolidaysExcluded":false},{"dayOfWeek":5,"startTime":"00:00","endTime":"00:00","byNotam":false,"sunrise":false,"sunset":false,"publicHolidaysExcluded":false},{"dayOfWeek":6,"startTime":"00:00","endTime":"00:00","byNotam":false,"sunrise":false,"sunset":false,"publicHolidaysExcluded":false}]},"deletable":true}},{"type":"Feature","geometry":{"type":"Polygon","coordinates":[[[-75.56028,6.26056],[-75.55861804349668,6.259269723811325],[-75.55701190836335,6.257911393924524],[-75.55546441247303,6.256487393832232],[-75.55397827073715,6.255000222239951],[-75.5525560903422,6.2534524886787715],[-75.55120036617593,6.251846908923657],[-75.54991347645127,6.250186300225348],[-75.54869767853539,6.248473576364313],[-75.54755510499162,6.246711742535399],[-75.54648775984066,6.2449038900722265],[-75.54549751504804,6.243053191020574],[-75.54458610724382,6.2411628925703235],[-75.54375513468008,6.2392363113557305],[-75.54300605443184,6.2372768276340675],[-75.54234017984597,6.2352878793528514],[-75.54175867824289,6.233272956116095],[-75.54126256887453,6.231235593060168],[-75.5408527211427,6.229179364650048],[-75.54052985308046,6.227107878406855],[-75.54029453009927,6.225024768577651],[-75.54014716400431,6.222933689758669],[-75.54008801227916,6.220838310483148],[-75.54011717764152,6.218742306784987],[-75.5402346078703,6.2166493557495865],[-75.54044009590483,6.214563129063135],[-75.5407332802152,6.212487286571674],[-75.541113645444,6.210425469861248],[-75.54158052331732,6.208381295870374],[-75.54213309382408,6.2063583505460445],[-75.54277038666125,6.204360182554395],[-75.5434912829424,6.202390297057017],[-75.54429451716655,6.200452149563871],[-75.54517867944391,6.1985491398735295],[-75.5461422179745,6.196684606111389],[-75.54718344177523,6.194861818876277],[-75.54830052365064,6.193083975505707],[-75.54949150340218,6.1913541944698265],[-75.5507542912702,6.189675509903863],[-75.55208667160265,6.188050866288637],[-75.55348630674422,6.186483113288461],[-75.55495074113858,6.184975000755446],[-75.55647740563728,6.183529173908943],[-75.55806362200697,6.182148168698596],[-75.55970660762758,6.180834407359049],[-75.56140348037287,6.179590194164143],[-75.56315126366513,6.178417711387992],[-75.56494689169485,6.177319015480001],[-75.56678721479638,6.176296033460525],[-75.56866900497013,6.175350559543465],[-75.5705889615419,6.174484251991692],[-75.57254371694876,6.173698630210814],[-75.57452984264216,6.172995072086346],[-75.57654385509758,6.172374811568943],[-75.5785822219199,6.171838936511931],[-75.58064136803462,6.171388386764875],[-75.5827176819532,6.1710239525265616],[-75.58480752210227,6.170746272960232],[-75.58690722320532,6.17055583507351],[-75.58901310270572,6.170452972864986],[-75.59028,6.17],[-75.59028,6.17],[-75.59151511146459,6.16532841738394],[-75.59140275976657,6.158311811872189],[-75.59099498437725,6.1513060384654485],[-75.59029251228073,6.144323386895142],[-75.58929658727885,6.137376105850257],[-75.58800896772968,6.130476381498688],[-75.58643192338505,6.123636316121511],[-75.58456823133383,6.116867906897578],[-75.58242117105807,6.110183024875508],[-75.5799945186114,6.10359339416982],[-75.57729253993027,6.09711057141756],[-75.57431998329034,6.090745925531252],[-75.57108207092138,6.084510617783516],[-75.56758448979598,6.078415582258073],[-75.56383338160856,6.072471506701198],[-75.55983533196225,6.066688813806984],[-75.55559735878322,6.0610776429690105],[-75.5511268999828,6.055647832530152],[-75.54643180038904,6.050408902561434],[-75.54152029797115,6.045370038199848],[-75.53640100938055,6.040540073574126],[-75.53108291483446,6.035927476346384],[-75.52557534236794,6.031540332896469],[-75.51988795148256,6.02738633417478],[-75.51403071621962,6.0234727622480815],[-75.50801390768815,6.019806477561668],[-75.50184807607761,6.016393906939986],[-75.49554403218673,6.013241032346518],[-75.48911282850106,6.010353380422426],[-75.48256573985145,6.0077360128220665],[-75.47591424368746,6.005393517362172],[-75.46917,6.00333],[-75.46861,5.97944],[-75.41833,5.98056],[-75.36806,5.98194],[-75.36889,6.00611],[-75.36879948595208,6.0064865018565285],[-75.36219512057706,6.008881591203712],[-75.35569733535809,6.011549544358199],[-75.3493175214583,6.014485684805894],[-75.34306686376914,6.017684865865273],[-75.33695632134001,6.021141479687108],[-75.33099660819941,6.0248494670611885],[-75.32519817460043,6.028802328013069],[-75.31957118872353,6.032993133172401],[-75.31412551886827,6.037414535893228],[-75.30887071616512,6.042058785105135],[-75.30381599783742,6.046917738873011],[-75.29897023104267,6.051982878641877],[-75.29434191732176,6.05724532414202],[-75.2899391776827,6.062695848928599],[-75.28576973834559,6.068324896528691],[-75.28184091717378,6.074122597167736],[-75.27815961081474,6.080078785046286],[-75.27473228257372,6.086183016137034],[-75.27156495104151,6.092424586471132],[-75.26866317949624,6.098792550882007],[-75.26603206609852,6.105275742173979],[-75.26367623489683,6.11186279068235],[-75.2615998276599,6.118542144190831],[-75.25980649655011,6.125302088171563],[-75.25829939765181,6.1321307663124704],[-75.25708118536569,6.139016201296051],[-75.25615400768017,6.145946315793341],[-75.25551950232799,6.1529089536363735],[-75.25517879383565,6.159891901132076],[-75.25513249147126,6.166882908480339],[-75.25538068809492,6.17386971125875],[-75.25592295991427,6.180840051936355],[-75.25675836714626,6.18778170137873],[-75.25788545558429,6.194682480306655],[-75.25930225906907,6.201530280670713],[-75.2610063028588,6.208313086904283],[-75.26299460789375,6.215018997017567],[-75.26526369594832,6.221636243495561],[-75.26780959566186,6.228153213963202],[-75.27062784943823,6.23455847158127],[-75.27371352120278,6.240840775137145],[-75.27706120500319,6.246989098794959],[-75.28066503443985,6.252992651470314],[-75.28451869290946,6.25884089579535],[-75.28861542464439,6.264523566640658],[-75.29294804652854,6.2700306891612865],[-75.29750896066955,6.275352596334928],[-75.30229016770521,6.28047994596123],[-75.30728328082128,6.2854037370921345],[-75.31247954045584,6.2901153258640985],[-75.31786982966493,6.2946064407041655],[-75.32344469012212,6.298869196882853],[-75.32919433872414,6.302896110388071],[-75.33510868477354,6.306680111095397],[-75.34117734770766,6.310214555211314],[-75.34738967534294,6.313493236967277],[-75.35373476260243,6.316510399543839],[-75.36020147069307,6.3192607452053435],[-75.36677844669887,6.321739444627201],[-75.37345414355542,6.323942145399083],[-75.38021684037008,6.32586497968894],[-75.38705466305177,6.327504571054133],[-75.3939556052138,6.328858040387571],[-75.40090754931234,6.32992301098825],[-75.40789828798317,6.330697612747136],[-75.41491554553842,6.331180485440929],[-75.4219469995852,6.331370781127861],[-75.42898030272748,6.331268165641192],[-75.43600310431255,6.3308728191778165],[-75.44300307218327,6.330185435980859],[-75.44996791439739,6.3292072231168754],[-75.4568854008752,6.327939898349816],[-75.46374338493662,6.326385687115546],[-75.4705298246901,6.324547318602339],[-75.47723280423416,6.322428020944309],[-75.48384055463488,6.320031515536366],[-75.49034147464117,6.31736201048084],[-75.49672415110162,6.31442419317745],[-75.50297737904606,6.311223222069805],[-75.50909018139667,6.307764717563177],[-75.51505182827349,6.304054752129698],[-75.52085185585986,6.300099839618605],[-75.52648008479494,6.2959069237905565],[-75.53192663806037,6.291483366096417],[-75.53718195832955,6.286836932722247],[-75.54223682474922,6.281975780923519],[-75.54708236912344,6.2769084446728325],[-75.55171009147192,6.271643819646629],[-75.55611187493506,6.266191147577516],[-75.56028,6.26056]]]},"properties":{"_id":"677d3569c4d29dbb7301a5aa","createdBy":"OPONcQnzWGOLiJSceNaf8pvx1fA2","createdAt":"2025-01-07T14:08:41.390Z","updatedBy":"OPONcQnzWGOLiJSceNaf8pvx1fA2","updatedAt":"2025-01-07T14:10:23.041Z","name":"SKRG / RIONEGRO","dataIngestion":true,"type":4,"icaoClass":3,"activity":0,"onDemand":false,"onRequest":false,"byNotam":false,"specialAgreement":false,"requestCompliance":false,"country":"CO","upperLimit":{"value":10000,"unit":1,"referenceDatum":1},"lowerLimit":{"value":0,"unit":1,"referenceDatum":0},"hoursOfOperation":{"operatingHours":[{"dayOfWeek":0,"startTime":"00:00","endTime":"00:00","byNotam":false,"sunrise":false,"sunset":false,"publicHolidaysExcluded":false},{"dayOfWeek":1,"startTime":"00:00","endTime":"00:00","byNotam":false,"sunrise":false,"sunset":false,"publicHolidaysExcluded":false},{"dayOfWeek":2,"startTime":"00:00","endTime":"00:00","byNotam":false,"sunrise":false,"sunset":false,"publicHolidaysExcluded":false},{"dayOfWeek":3,"startTime":"00:00","endTime":"00:00","byNotam":false,"sunrise":false,"sunset":false,"publicHolidaysExcluded":false},{"dayOfWeek":4,"startTime":"00:00","endTime":"00:00","byNotam":false,"sunrise":false,"sunset":false,"publicHolidaysExcluded":false},{"dayOfWeek":5,"startTime":"00:00","endTime":"00:00","byNotam":false,"sunrise":false,"sunset":false,"publicHolidaysExcluded":false},{"dayOfWeek":6,"startTime":"00:00","endTime":"00:00","byNotam":false,"sunrise":false,"sunset":false,"publicHolidaysExcluded":false}]},"deletable":true}},{"type":"Feature","geometry":{"type":"Polygon","coordinates":[[[-76.22394,4.161131652544713],[-76.22673719802494,4.161073209147559],[-76.22952948757707,4.160897981511672],[-76.23231196880347,4.160606277123667],[-76.23507975907599,4.1601986078612105],[-76.2378280015654,4.159675689094092],[-76.24055187377054,4.159038438427932],[-76.24324659598673,4.15828797409276],[-76.24590743969881,4.15742561297929],[-76.24852973588413,4.156452868326346],[-76.25110888321062,4.155371447063523],[-76.25364035611568,4.1541832468137665],[-76.25611971275175,4.152890352561131],[-76.25854260278422,4.151495032989611],[-76.2609047750284,4.149999736499471],[-76.26320208491177,4.148407086908112],[-76.26543050174872,4.146719878843014],[-76.26758611581455,4.144941072834897],[-76.26966514520677,4.143073790119723],[-76.27166394248131,4.141121307158676],[-76.27357900105218,4.139087049885804],[-76.2754069613432,4.136974587693394],[-76.27714461668118,4.13478762716571],[-76.27878891892007,4.13253000557209],[-76.28033698378626,4.130205684130854],[-76.28178609593576,4.12781874105587],[-76.2831337137143,4.125373364398021],[-76.28437747361198,4.1228738446941335],[-76.285515194405,4.120324567436305],[-76.28654488097669,4.117730005374875],[-76.28746472781185,4.115094710668542],[-76.28827312215762,4.112423306895452],[-76.28896864684602,4.109720480939259],[-76.28955008277275,4.106990974764443],[-76.29001641102823,4.104239577095299],[-76.29036681467723,4.101471115013237],[-76.29060068018373,4.098690445487117],[-76.29071759847893,4.095902446851521],[-76.29071736567036,4.093112010247869],[-76.29059998339102,4.090324031043456],[-76.29036565878786,4.0875434002434075],[-76.29001480414992,4.084774995910669],[-76.28954803617656,4.082023674609032],[-76.28896617488734,4.079294262884247],[-76.28827024217541,4.07659154879811],[-76.28746146000711,4.0739202735304145],[-76.28654124827068,4.071285123063445],[-76.28551122227849,4.068690719963613],[-76.28437318992655,4.066141615274621],[-76.28312914851689,4.063642280536362],[-76.28178128124792,4.061197099943535],[-76.2803319533795,4.058810362657715],[-76.27878370807906,4.056486255286322],[-76.27713926195622,4.054228854541682],[-76.27540150029381,4.052042120093018],[-76.27357347198367,4.049929887623887],[-76.27165838417613,4.047895862107208],[-76.26965959665243,4.045943611309671],[-76.26758061593017,4.044076559536858],[-76.26542508911206,4.042297981630062],[-76.2631967974886,4.040610997225274],[-76.26089964990621,4.039018565284397],[-76.25853767591211,4.037523478908248],[-76.25611501868819,4.036128360440429],[-76.25363592778622,4.034835656870602],[-76.2511047516768,4.033647635545257],[-76.24852593012578,4.032566380193421],[-76.24590398641062,4.031593787274288],[-76.24324351939107,4.03073156265315],[-76.24054919544756,4.0299812186114305],[-76.23782574030162,4.02934407119607],[-76.2350779307326,4.028821237912867],[-76.23231058620503,4.028413635767832],[-76.22952856042149,4.02812197965997],[-76.22673673281558,4.027946781128297],[-76.22394,4.027888347455285],[-76.2211432671844,4.027946781128297],[-76.2183514395785,4.02812197965997],[-76.21556941379497,4.028413635767832],[-76.2128020692674,4.028821237912867],[-76.21005425969838,4.02934407119607],[-76.20733080455244,4.0299812186114305],[-76.20463648060893,4.03073156265315],[-76.20197601358937,4.031593787274288],[-76.1993540698742,4.032566380193421],[-76.19677524832318,4.033647635545257],[-76.19424407221378,4.034835656870602],[-76.19176498131179,4.036128360440429],[-76.18934232408789,4.037523478908248],[-76.18698035009379,4.039018565284397],[-76.18468320251141,4.040610997225274],[-76.18245491088794,4.042297981630062],[-76.18029938406981,4.044076559536858],[-76.17822040334757,4.045943611309671],[-76.17622161582386,4.047895862107208],[-76.17430652801633,4.049929887623887],[-76.17247849970619,4.052042120093018],[-76.17074073804378,4.054228854541682],[-76.16909629192094,4.056486255286322],[-76.1675480466205,4.058810362657715],[-76.1660987187521,4.061197099943535],[-76.16475085148312,4.063642280536362],[-76.16350681007344,4.066141615274621],[-76.16236877772151,4.068690719963613],[-76.16133875172932,4.071285123063445],[-76.16041853999289,4.0739202735304145],[-76.15960975782458,4.07659154879811],[-76.15891382511266,4.079294262884247],[-76.15833196382344,4.082023674609032],[-76.15786519585009,4.084774995910669],[-76.15751434121213,4.0875434002434075],[-76.15728001660898,4.090324031043456],[-76.15716263432962,4.093112010247869],[-76.15716240152106,4.095902446851521],[-76.15727931981627,4.098690445487117],[-76.15751318532276,4.101471115013237],[-76.15786358897176,4.104239577095299],[-76.15832991722725,4.106990974764443],[-76.15891135315397,4.109720480939259],[-76.15960687784239,4.112423306895452],[-76.16041527218816,4.115094710668542],[-76.16133511902329,4.117730005374875],[-76.162364805595,4.120324567436305],[-76.16350252638802,4.1228738446941335],[-76.16474628628569,4.125373364398021],[-76.16609390406424,4.12781874105587],[-76.16754301621374,4.130205684130854],[-76.16909108107994,4.13253000557209],[-76.17073538331883,4.13478762716571],[-76.1724730386568,4.136974587693394],[-76.17430099894781,4.139087049885804],[-76.17621605751869,4.141121307158676],[-76.17821485479323,4.143073790119723],[-76.18029388418545,4.144941072834897],[-76.18244949825127,4.146719878843014],[-76.18467791508823,4.148407086908112],[-76.1869752249716,4.149999736499471],[-76.18933739721578,4.151495032989611],[-76.19176028724824,4.152890352561131],[-76.19423964388432,4.1541832468137665],[-76.19677111678938,4.155371447063523],[-76.19935026411586,4.156452868326346],[-76.20197256030119,4.15742561297929],[-76.20463340401326,4.15828797409276],[-76.20732812622947,4.159038438427932],[-76.21005199843461,4.159675689094092],[-76.21280024092401,4.1601986078612105],[-76.21556803119653,4.160606277123667],[-76.21835051242293,4.160897981511672],[-76.22114280197506,4.161073209147559],[-76.22394,4.161131652544713]]]},"properties":{"_id":"677d3569c4d29dbb7301a5a7","createdBy":"OPONcQnzWGOLiJSceNaf8pvx1fA2","createdAt":"2025-01-07T14:08:41.367Z","updatedBy":"OPONcQnzWGOLiJSceNaf8pvx1fA2","updatedAt":"2025-01-07T14:10:22.913Z","name":"SKUL / TULUA","dataIngestion":true,"type":4,"icaoClass":3,"activity":0,"onDemand":false,"onRequest":false,"byNotam":false,"specialAgreement":false,"requestCompliance":false,"country":"CO","upperLimit":{"value":5000,"unit":1,"referenceDatum":1},"lowerLimit":{"value":0,"unit":1,"referenceDatum":0},"hoursOfOperation":{"operatingHours":[{"dayOfWeek":0,"startTime":"00:00","endTime":"00:00","byNotam":false,"sunrise":false,"sunset":false,"publicHolidaysExcluded":false},{"dayOfWeek":1,"startTime":"00:00","endTime":"00:00","byNotam":false,"sunrise":false,"sunset":false,"publicHolidaysExcluded":false},{"dayOfWeek":2,"startTime":"00:00","endTime":"00:00","byNotam":false,"sunrise":false,"sunset":false,"publicHolidaysExcluded":false},{"dayOfWeek":3,"startTime":"00:00","endTime":"00:00","byNotam":false,"sunrise":false,"sunset":false,"publicHolidaysExcluded":false},{"dayOfWeek":4,"startTime":"00:00","endTime":"00:00","byNotam":false,"sunrise":false,"sunset":false,"publicHolidaysExcluded":false},{"dayOfWeek":5,"startTime":"00:00","endTime":"00:00","byNotam":false,"sunrise":false,"sunset":false,"publicHolidaysExcluded":false},{"dayOfWeek":6,"startTime":"00:00","endTime":"00:00","byNotam":false,"sunrise":false,"sunset":false,"publicHolidaysExcluded":false}]},"deletable":true}},{"type":"Feature","geometry":{"type":"Polygon","coordinates":[[[-77.04917,4.23583],[-77.0813782688918,4.216655276915702],[-77.11428890085007,4.187066479330135],[-77.14592599610656,4.156128112603093],[-77.17623408367888,4.123894600263012],[-77.20516005014292,4.09042263530356],[-77.23265323204555,4.05577107956381],[-77.25866550380807,4.020000859354168],[-77.28315136097903,3.983174857520977],[-77.30606799870559,3.9453578021479685],[-77.32737538530213,3.9066161520978695],[-77.34703633080542,3.867017979601889],[-77.36501655041495,3.8266328501090103],[-77.38128472272726,3.785531699610731],[-77.39581254268283,3.7437867096601414],[-77.40857476915363,3.701471180307194],[-77.41954926710898,3.6586594011745066],[-77.42871704430681,3.615426520900196],[-77.43606228246644,3.5718484151759817],[-77.44157236288852,3.5280015536102862],[-77.4452378864959,3.4839628656470416],[-77.44705268827879,3.4398096057717016],[-77.44701384613566,3.39561921823635],[-77.44512168410986,3.351469201535856],[-77.44137977003051,3.3074369728668485],[-77.43579490757391,3.2635997328006723],[-77.42837712277068,3.2200343304007144],[-77.41913964499066,3.176817129013317],[-77.40809888244657,3.1340238729600616],[-77.39527439226465,3.091729555357488],[-77.38068884517837,3.0500082872883243],[-77.36436798490921,3.0089331685459197],[-77.34634058230576,2.968576160171045],[-77.32663838432063,2.9290079589972846],[-77.30529605791148,2.890297874418054],[-77.28235112896077,2.8525137075847757],[-77.25784391631585,2.81572163324197],[-77.23181746105884,2.7799860844008513],[-77.20431745112298,2.7453696400486676],[-77.17539214137986,2.7119329160862313],[-77.1450922693288,2.67973445968106],[-77.11347096652781,2.6488306472181793],[-77.08058366591187,2.6192755860249273],[-77.04648800515199,2.59112102004009],[-77.01124372621555,2.56441623959139],[-76.97491257129494,2.5392079954386424],[-76.93755817527851,2.5155404172329665],[-76.8992459549445,2.4934549365351453],[-76.8600429950644,2.47299021452863],[-76.82001793160906,2.4541820745548155],[-76.7792408322556,2.4370634395900423],[-76.73778307440007,2.421664274775345],[-76.6957172208843,2.4080115351012403],[-76.65311689365161,2.396129118340944],[-76.61005664554963,2.3860378233161774],[-76.56661183050254,2.3777553135704],[-76.52285847227917,2.3712960865146746],[-76.47887313208538,2.3666714481016813],[-76.43473277521308,2.363889493073484],[-76.39051463697888,2.3629550908186734],[-76.34629608818852,2.3638698768644004],[-76.30215450036295,2.3666322500186743],[-76.25816711096303,2.371237375168071],[-76.21441088885011,2.3776771917258177],[-76.17096240021863,2.38594042771498],[-76.12789767523614,2.3960126194613545],[-76.08529207562474,2.4078761368605384],[-76.0432201634151,2.421510214173687],[-76.00175557110299,2.4368909862965493],[-75.96097087343344,2.4539915304366597],[-75.9209374610356,2.472781913123978],[-75.8817254161267,2.493229242470881],[-75.84340339049903,2.515297725588255],[-75.80603848599961,2.5389487310554455],[-75.76969613770638,2.5641408563331676],[-75.73444,2.59083],[-75.73444,2.59083],[-75.73361,3.20333],[-75.1175,3.86889],[-75.49667,3.86861],[-75.49667,4.26583],[-76.22528,4.26583],[-77.04917,4.23583]]]},"properties":{"_id":"677d3567c4d29dbb7301a4ab","createdBy":"OPONcQnzWGOLiJSceNaf8pvx1fA2","createdAt":"2025-01-07T14:08:39.970Z","updatedBy":"OPONcQnzWGOLiJSceNaf8pvx1fA2","updatedAt":"2025-01-07T14:10:07.833Z","name":"TMA CALI","dataIngestion":true,"type":0,"icaoClass":3,"activity":0,"onDemand":false,"onRequest":false,"byNotam":false,"specialAgreement":false,"requestCompliance":false,"country":"CO","upperLimit":{"value":17500,"unit":1,"referenceDatum":1},"lowerLimit":{"value":1500,"unit":1,"referenceDatum":1},"hoursOfOperation":{"operatingHours":[{"dayOfWeek":0,"startTime":"00:00","endTime":"00:00","byNotam":false,"sunrise":false,"sunset":false,"publicHolidaysExcluded":false},{"dayOfWeek":1,"startTime":"00:00","endTime":"00:00","byNotam":false,"sunrise":false,"sunset":false,"publicHolidaysExcluded":false},{"dayOfWeek":2,"startTime":"00:00","endTime":"00:00","byNotam":false,"sunrise":false,"sunset":false,"publicHolidaysExcluded":false},{"dayOfWeek":3,"startTime":"00:00","endTime":"00:00","byNotam":false,"sunrise":false,"sunset":false,"publicHolidaysExcluded":false},{"dayOfWeek":4,"startTime":"00:00","endTime":"00:00","byNotam":false,"sunrise":false,"sunset":false,"publicHolidaysExcluded":false},{"dayOfWeek":5,"startTime":"00:00","endTime":"00:00","byNotam":false,"sunrise":false,"sunset":false,"publicHolidaysExcluded":false},{"dayOfWeek":6,"startTime":"00:00","endTime":"00:00","byNotam":false,"sunrise":false,"sunset":false,"publicHolidaysExcluded":false}]},"deletable":true}},{"type":"Feature","geometry":{"type":"Polygon","coordinates":[[[-76.22528,4.26583],[-75.49667,4.26583],[-75.49667,4.78083],[-76.22528,4.78083],[-76.22528,4.26583]]]},"properties":{"_id":"677d3567c4d29dbb7301a4ae","createdBy":"OPONcQnzWGOLiJSceNaf8pvx1fA2","createdAt":"2025-01-07T14:08:39.989Z","updatedBy":"OPONcQnzWGOLiJSceNaf8pvx1fA2","updatedAt":"2025-01-07T14:10:08.015Z","name":"TMA PEREIRA","dataIngestion":true,"type":0,"icaoClass":3,"activity":0,"onDemand":false,"onRequest":false,"byNotam":false,"specialAgreement":false,"requestCompliance":false,"country":"CO","upperLimit":{"value":175,"unit":6,"referenceDatum":2},"lowerLimit":{"value":65,"unit":6,"referenceDatum":2},"hoursOfOperation":{"operatingHours":[{"dayOfWeek":0,"startTime":"00:00","endTime":"00:00","byNotam":false,"sunrise":false,"sunset":false,"publicHolidaysExcluded":false},{"dayOfWeek":1,"startTime":"00:00","endTime":"00:00","byNotam":false,"sunrise":false,"sunset":false,"publicHolidaysExcluded":false},{"dayOfWeek":2,"startTime":"00:00","endTime":"00:00","byNotam":false,"sunrise":false,"sunset":false,"publicHolidaysExcluded":false},{"dayOfWeek":3,"startTime":"00:00","endTime":"00:00","byNotam":false,"sunrise":false,"sunset":false,"publicHolidaysExcluded":false},{"dayOfWeek":4,"startTime":"00:00","endTime":"00:00","byNotam":false,"sunrise":false,"sunset":false,"publicHolidaysExcluded":false},{"dayOfWeek":5,"startTime":"00:00","endTime":"00:00","byNotam":false,"sunrise":false,"sunset":false,"publicHolidaysExcluded":false},{"dayOfWeek":6,"startTime":"00:00","endTime":"00:00","byNotam":false,"sunrise":false,"sunset":false,"publicHolidaysExcluded":false}]},"deletable":true}},{"type":"Feature","geometry":{"type":"Polygon","coordinates":[[[-72.97294,5.8536],[-72.93988,5.84357],[-72.92124,5.862],[-72.95233,5.8884],[-72.95879,5.88298],[-72.97133,5.85417],[-72.97294,5.8536]]]},"properties":{"_id":"677d3568c4d29dbb7301a523","createdBy":"OPONcQnzWGOLiJSceNaf8pvx1fA2","createdAt":"2025-01-07T14:08:40.634Z","updatedBy":"OPONcQnzWGOLiJSceNaf8pvx1fA2","updatedAt":"2025-01-07T14:10:15.153Z","name":"TOBASIA","dataIngestion":true,"type":0,"icaoClass":6,"activity":0,"onDemand":false,"onRequest":false,"byNotam":false,"specialAgreement":false,"requestCompliance":false,"country":"CO","upperLimit":{"value":12500,"unit":1,"referenceDatum":1},"lowerLimit":{"value":0,"unit":1,"referenceDatum":0},"hoursOfOperation":{"operatingHours":[{"dayOfWeek":0,"startTime":"00:00","endTime":"00:00","byNotam":false,"sunrise":false,"sunset":false,"publicHolidaysExcluded":false},{"dayOfWeek":1,"startTime":"00:00","endTime":"00:00","byNotam":false,"sunrise":false,"sunset":false,"publicHolidaysExcluded":false},{"dayOfWeek":2,"startTime":"00:00","endTime":"00:00","byNotam":false,"sunrise":false,"sunset":false,"publicHolidaysExcluded":false},{"dayOfWeek":3,"startTime":"00:00","endTime":"00:00","byNotam":false,"sunrise":false,"sunset":false,"publicHolidaysExcluded":false},{"dayOfWeek":4,"startTime":"00:00","endTime":"00:00","byNotam":false,"sunrise":false,"sunset":false,"publicHolidaysExcluded":false},{"dayOfWeek":5,"startTime":"00:00","endTime":"00:00","byNotam":false,"sunrise":false,"sunset":false,"publicHolidaysExcluded":false},{"dayOfWeek":6,"startTime":"00:00","endTime":"00:00","byNotam":false,"sunrise":false,"sunset":false,"publicHolidaysExcluded":false}]},"deletable":true}},{"type":"Feature","geometry":{"type":"Polygon","coordinates":[[[-75.55111,10.42778],[-75.52056,10.44778],[-75.52278,10.44806],[-75.55278,10.43083],[-75.55111,10.42778]]]},"properties":{"_id":"677d3568c4d29dbb7301a50b","createdBy":"OPONcQnzWGOLiJSceNaf8pvx1fA2","createdAt":"2025-01-07T14:08:40.522Z","updatedBy":"OPONcQnzWGOLiJSceNaf8pvx1fA2","updatedAt":"2025-01-07T14:10:12.996Z","name":"ZONA 1","dataIngestion":true,"type":0,"icaoClass":6,"activity":0,"onDemand":false,"onRequest":false,"byNotam":false,"specialAgreement":false,"requestCompliance":false,"country":"CO","upperLimit":{"value":400,"unit":1,"referenceDatum":1},"lowerLimit":{"value":0,"unit":1,"referenceDatum":0},"hoursOfOperation":{"operatingHours":[{"dayOfWeek":0,"startTime":"00:00","endTime":"00:00","byNotam":false,"sunrise":false,"sunset":false,"publicHolidaysExcluded":false},{"dayOfWeek":1,"startTime":"00:00","endTime":"00:00","byNotam":false,"sunrise":false,"sunset":false,"publicHolidaysExcluded":false},{"dayOfWeek":2,"startTime":"00:00","endTime":"00:00","byNotam":false,"sunrise":false,"sunset":false,"publicHolidaysExcluded":false},{"dayOfWeek":3,"startTime":"00:00","endTime":"00:00","byNotam":false,"sunrise":false,"sunset":false,"publicHolidaysExcluded":false},{"dayOfWeek":4,"startTime":"00:00","endTime":"00:00","byNotam":false,"sunrise":false,"sunset":false,"publicHolidaysExcluded":false},{"dayOfWeek":5,"startTime":"00:00","endTime":"00:00","byNotam":false,"sunrise":false,"sunset":false,"publicHolidaysExcluded":false},{"dayOfWeek":6,"startTime":"00:00","endTime":"00:00","byNotam":false,"sunrise":false,"sunset":false,"publicHolidaysExcluded":false}]},"deletable":true}},{"type":"Feature","geometry":{"type":"Polygon","coordinates":[[[-76.155,4.41111],[-76.16472,4.36194],[-76.07167,4.32111],[-76.02694,4.38722],[-76.155,4.41111]]]},"properties":{"_id":"677d3568c4d29dbb7301a544","createdBy":"OPONcQnzWGOLiJSceNaf8pvx1fA2","createdAt":"2025-01-07T14:08:40.803Z","updatedBy":"OPONcQnzWGOLiJSceNaf8pvx1fA2","updatedAt":"2025-01-07T14:10:18.168Z","name":"ZONA 13 / ROLDANILLO ZARZAL","dataIngestion":true,"type":0,"icaoClass":6,"activity":0,"onDemand":false,"onRequest":false,"byNotam":false,"specialAgreement":false,"requestCompliance":false,"country":"CO","upperLimit":{"value":7500,"unit":1,"referenceDatum":1},"lowerLimit":{"value":0,"unit":1,"referenceDatum":0},"hoursOfOperation":{"operatingHours":[{"dayOfWeek":0,"startTime":"00:00","endTime":"00:00","byNotam":false,"sunrise":false,"sunset":false,"publicHolidaysExcluded":false},{"dayOfWeek":1,"startTime":"00:00","endTime":"00:00","byNotam":false,"sunrise":false,"sunset":false,"publicHolidaysExcluded":false},{"dayOfWeek":2,"startTime":"00:00","endTime":"00:00","byNotam":false,"sunrise":false,"sunset":false,"publicHolidaysExcluded":false},{"dayOfWeek":3,"startTime":"00:00","endTime":"00:00","byNotam":false,"sunrise":false,"sunset":false,"publicHolidaysExcluded":false},{"dayOfWeek":4,"startTime":"00:00","endTime":"00:00","byNotam":false,"sunrise":false,"sunset":false,"publicHolidaysExcluded":false},{"dayOfWeek":5,"startTime":"00:00","endTime":"00:00","byNotam":false,"sunrise":false,"sunset":false,"publicHolidaysExcluded":false},{"dayOfWeek":6,"startTime":"00:00","endTime":"00:00","byNotam":false,"sunrise":false,"sunset":false,"publicHolidaysExcluded":false}]},"deletable":true}},{"type":"Feature","geometry":{"type":"Polygon","coordinates":[[[-75.64778,10.16667],[-75.66806,10.14056],[-75.66444,10.13778],[-75.64417,10.16389],[-75.64778,10.16667]]]},"properties":{"_id":"677d3568c4d29dbb7301a50e","createdBy":"OPONcQnzWGOLiJSceNaf8pvx1fA2","createdAt":"2025-01-07T14:08:40.536Z","updatedBy":"OPONcQnzWGOLiJSceNaf8pvx1fA2","updatedAt":"2025-01-07T14:10:13.162Z","name":"ZONA 2","dataIngestion":true,"type":0,"icaoClass":6,"activity":0,"onDemand":false,"onRequest":false,"byNotam":false,"specialAgreement":false,"requestCompliance":false,"country":"CO","upperLimit":{"value":400,"unit":1,"referenceDatum":1},"lowerLimit":{"value":0,"unit":1,"referenceDatum":0},"hoursOfOperation":{"operatingHours":[{"dayOfWeek":0,"startTime":"00:00","endTime":"00:00","byNotam":false,"sunrise":false,"sunset":false,"publicHolidaysExcluded":false},{"dayOfWeek":1,"startTime":"00:00","endTime":"00:00","byNotam":false,"sunrise":false,"sunset":false,"publicHolidaysExcluded":false},{"dayOfWeek":2,"startTime":"00:00","endTime":"00:00","byNotam":false,"sunrise":false,"sunset":false,"publicHolidaysExcluded":false},{"dayOfWeek":3,"startTime":"00:00","endTime":"00:00","byNotam":false,"sunrise":false,"sunset":false,"publicHolidaysExcluded":false},{"dayOfWeek":4,"startTime":"00:00","endTime":"00:00","byNotam":false,"sunrise":false,"sunset":false,"publicHolidaysExcluded":false},{"dayOfWeek":5,"startTime":"00:00","endTime":"00:00","byNotam":false,"sunrise":false,"sunset":false,"publicHolidaysExcluded":false},{"dayOfWeek":6,"startTime":"00:00","endTime":"00:00","byNotam":false,"sunrise":false,"sunset":false,"publicHolidaysExcluded":false}]},"deletable":true}},{"type":"Feature","geometry":{"type":"Polygon","coordinates":[[[-76.04111,4.68111],[-76.06278,4.62083],[-76.06944,4.61361],[-75.95639,4.57417],[-75.93,4.64972],[-76.04111,4.68111]]]},"properties":{"_id":"677d3568c4d29dbb7301a54d","createdBy":"OPONcQnzWGOLiJSceNaf8pvx1fA2","createdAt":"2025-01-07T14:08:40.866Z","updatedBy":"OPONcQnzWGOLiJSceNaf8pvx1fA2","updatedAt":"2025-01-07T14:10:18.601Z","name":"ZONA 22 / SAN FRANCISCO","dataIngestion":true,"type":0,"icaoClass":6,"activity":0,"onDemand":false,"onRequest":false,"byNotam":false,"specialAgreement":false,"requestCompliance":false,"country":"CO","upperLimit":{"value":4500,"unit":1,"referenceDatum":1},"lowerLimit":{"value":0,"unit":1,"referenceDatum":0},"hoursOfOperation":{"operatingHours":[{"dayOfWeek":0,"startTime":"00:00","endTime":"00:00","byNotam":false,"sunrise":false,"sunset":false,"publicHolidaysExcluded":false},{"dayOfWeek":1,"startTime":"00:00","endTime":"00:00","byNotam":false,"sunrise":false,"sunset":false,"publicHolidaysExcluded":false},{"dayOfWeek":2,"startTime":"00:00","endTime":"00:00","byNotam":false,"sunrise":false,"sunset":false,"publicHolidaysExcluded":false},{"dayOfWeek":3,"startTime":"00:00","endTime":"00:00","byNotam":false,"sunrise":false,"sunset":false,"publicHolidaysExcluded":false},{"dayOfWeek":4,"startTime":"00:00","endTime":"00:00","byNotam":false,"sunrise":false,"sunset":false,"publicHolidaysExcluded":false},{"dayOfWeek":5,"startTime":"00:00","endTime":"00:00","byNotam":false,"sunrise":false,"sunset":false,"publicHolidaysExcluded":false},{"dayOfWeek":6,"startTime":"00:00","endTime":"00:00","byNotam":false,"sunrise":false,"sunset":false,"publicHolidaysExcluded":false}]},"deletable":true}},{"type":"Feature","geometry":{"type":"Polygon","coordinates":[[[-73.93994,5.22166],[-74.01109,5.13873],[-74.00345,5.10534],[-73.88768,5.19569],[-73.93994,5.22166]]]},"properties":{"_id":"677d3568c4d29dbb7301a529","createdBy":"OPONcQnzWGOLiJSceNaf8pvx1fA2","createdAt":"2025-01-07T14:08:40.663Z","updatedBy":"OPONcQnzWGOLiJSceNaf8pvx1fA2","updatedAt":"2025-01-07T14:10:15.570Z","name":"ZONA DE PARAPENTES 4 - NEUSA","dataIngestion":true,"type":0,"icaoClass":6,"activity":0,"onDemand":false,"onRequest":false,"byNotam":false,"specialAgreement":false,"requestCompliance":false,"country":"CO","upperLimit":{"value":12000,"unit":1,"referenceDatum":1},"lowerLimit":{"value":0,"unit":1,"referenceDatum":0},"hoursOfOperation":{"operatingHours":[{"dayOfWeek":0,"startTime":"00:00","endTime":"00:00","byNotam":false,"sunrise":false,"sunset":false,"publicHolidaysExcluded":false},{"dayOfWeek":1,"startTime":"00:00","endTime":"00:00","byNotam":false,"sunrise":false,"sunset":false,"publicHolidaysExcluded":false},{"dayOfWeek":2,"startTime":"00:00","endTime":"00:00","byNotam":false,"sunrise":false,"sunset":false,"publicHolidaysExcluded":false},{"dayOfWeek":3,"startTime":"00:00","endTime":"00:00","byNotam":false,"sunrise":false,"sunset":false,"publicHolidaysExcluded":false},{"dayOfWeek":4,"startTime":"00:00","endTime":"00:00","byNotam":false,"sunrise":false,"sunset":false,"publicHolidaysExcluded":false},{"dayOfWeek":5,"startTime":"00:00","endTime":"00:00","byNotam":false,"sunrise":false,"sunset":false,"publicHolidaysExcluded":false},{"dayOfWeek":6,"startTime":"00:00","endTime":"00:00","byNotam":false,"sunrise":false,"sunset":false,"publicHolidaysExcluded":false}]},"deletable":true}},{"type":"Feature","geometry":{"type":"Polygon","coordinates":[[[-73.80818,5.01828],[-73.915,4.9215],[-73.9481,4.7715],[-74.0124,4.7621],[-74.01036,4.71219],[-73.92108,4.72949],[-73.85366,4.76055],[-73.77062,4.88676],[-73.80818,5.01828]]]},"properties":{"_id":"677d3568c4d29dbb7301a526","createdBy":"OPONcQnzWGOLiJSceNaf8pvx1fA2","createdAt":"2025-01-07T14:08:40.647Z","updatedBy":"OPONcQnzWGOLiJSceNaf8pvx1fA2","updatedAt":"2025-01-07T14:10:15.443Z","name":"ZONA DE PARAPENTES 5 - GUATAVITA","dataIngestion":true,"type":0,"icaoClass":6,"activity":0,"onDemand":false,"onRequest":false,"byNotam":false,"specialAgreement":false,"requestCompliance":false,"country":"CO","upperLimit":{"value":11000,"unit":1,"referenceDatum":1},"lowerLimit":{"value":0,"unit":1,"referenceDatum":0},"hoursOfOperation":{"operatingHours":[{"dayOfWeek":0,"startTime":"00:00","endTime":"00:00","byNotam":false,"sunrise":false,"sunset":false,"publicHolidaysExcluded":false},{"dayOfWeek":1,"startTime":"00:00","endTime":"00:00","byNotam":false,"sunrise":false,"sunset":false,"publicHolidaysExcluded":false},{"dayOfWeek":2,"startTime":"00:00","endTime":"00:00","byNotam":false,"sunrise":false,"sunset":false,"publicHolidaysExcluded":false},{"dayOfWeek":3,"startTime":"00:00","endTime":"00:00","byNotam":false,"sunrise":false,"sunset":false,"publicHolidaysExcluded":false},{"dayOfWeek":4,"startTime":"00:00","endTime":"00:00","byNotam":false,"sunrise":false,"sunset":false,"publicHolidaysExcluded":false},{"dayOfWeek":5,"startTime":"00:00","endTime":"00:00","byNotam":false,"sunrise":false,"sunset":false,"publicHolidaysExcluded":false},{"dayOfWeek":6,"startTime":"00:00","endTime":"00:00","byNotam":false,"sunrise":false,"sunset":false,"publicHolidaysExcluded":false}]},"deletable":true}},{"type":"Feature","geometry":{"type":"Polygon","coordinates":[[[-76.62139,3.52472],[-76.70611,3.25361],[-76.66194,3.23972],[-76.57722,3.51083],[-76.62139,3.52472]]]},"properties":{"_id":"677d3568c4d29dbb7301a53b","createdBy":"OPONcQnzWGOLiJSceNaf8pvx1fA2","createdAt":"2025-01-07T14:08:40.756Z","updatedBy":"OPONcQnzWGOLiJSceNaf8pvx1fA2","updatedAt":"2025-01-07T14:10:17.384Z","name":"ZONA PARAPENTE 10","dataIngestion":true,"type":0,"icaoClass":3,"activity":0,"onDemand":false,"onRequest":false,"byNotam":false,"specialAgreement":false,"requestCompliance":false,"country":"CO","upperLimit":{"value":10500,"unit":1,"referenceDatum":1},"lowerLimit":{"value":0,"unit":1,"referenceDatum":0},"hoursOfOperation":{"operatingHours":[{"dayOfWeek":0,"startTime":"00:00","endTime":"00:00","byNotam":false,"sunrise":false,"sunset":false,"publicHolidaysExcluded":false},{"dayOfWeek":1,"startTime":"00:00","endTime":"00:00","byNotam":false,"sunrise":false,"sunset":false,"publicHolidaysExcluded":false},{"dayOfWeek":2,"startTime":"00:00","endTime":"00:00","byNotam":false,"sunrise":false,"sunset":false,"publicHolidaysExcluded":false},{"dayOfWeek":3,"startTime":"00:00","endTime":"00:00","byNotam":false,"sunrise":false,"sunset":false,"publicHolidaysExcluded":false},{"dayOfWeek":4,"startTime":"00:00","endTime":"00:00","byNotam":false,"sunrise":false,"sunset":false,"publicHolidaysExcluded":false},{"dayOfWeek":5,"startTime":"00:00","endTime":"00:00","byNotam":false,"sunrise":false,"sunset":false,"publicHolidaysExcluded":false},{"dayOfWeek":6,"startTime":"00:00","endTime":"00:00","byNotam":false,"sunrise":false,"sunset":false,"publicHolidaysExcluded":false}]},"deletable":true}},{"type":"Feature","geometry":{"type":"Polygon","coordinates":[[[-75.99583,5.035],[-76.06417,4.89222],[-76.07222,4.75778],[-76.13417,4.62306],[-76.04694,4.66583],[-76.02831,4.71683],[-76.0299939078509,4.719881143865986],[-76.03154814983868,4.7229998834641185],[-76.03296999797925,4.726180748348874],[-76.03425695640823,4.7294181590284365],[-76.03540676576947,4.732706436747187],[-76.03641740718992,4.736039813442783],[-76.03728710583309,4.739412441860353],[-76.03801433402539,4.7428184058061555],[-76.03859781394961,4.7462517305226966],[-76.03903651990058,4.749706393167166],[-76.03932968009906,4.753176333374816],[-76.0394767780607,4.756655463888773],[-76.03947755351734,4.760137681237665],[-76.0393320028891,4.763616876442324],[-76.03904037930616,4.767086945732808],[-76.03860319218028,4.770541801256924],[-76.03802120632668,4.773975381761488],[-76.03729544063728,4.777381663227552],[-76.03642716630844,4.780754669440953],[-76.03541790462504,4.784088482479608],[-76.03426942430569,4.787377253099141],[-76.03298373841311,4.7906152109986175],[-76.031563100835,4.793796674948303],[-76.03001000234175,4.796916062761704],[-76.0283271662276,4.7999679010943135],[-76.02651754354282,4.802946835051857],[-76.02458430792541,4.805847637591137],[-76.02253085004101,4.808665218696919],[-76.02036077164104,4.81139463431875],[-76.01807787924918,4.814031095051933],[-76.01568617748737,4.816569974547417],[-76.01318986205295,4.819006817635767],[-76.01059331235938,4.821337348150919],[-76.00790108385306,4.823557476439935],[-76.00511790002032,4.825663306545524],[-76.002248644098,4.827651143048681],[-75.99929835050263,4.829517497559364],[-75.99627219599294,4.8312590948438],[-75.99317549058159,4.832872878577565],[-75.9900136682118,4.834356016714358],[-75.98778,4.83547],[-75.93417,4.905],[-76.01528,4.93111],[-75.97361,5.035],[-75.99583,5.035]]]},"properties":{"_id":"677d3568c4d29dbb7301a53e","createdBy":"OPONcQnzWGOLiJSceNaf8pvx1fA2","createdAt":"2025-01-07T14:08:40.770Z","updatedBy":"OPONcQnzWGOLiJSceNaf8pvx1fA2","updatedAt":"2025-01-07T14:10:17.574Z","name":"ZONA PARAPENTE 11","dataIngestion":true,"type":0,"icaoClass":3,"activity":0,"onDemand":false,"onRequest":false,"byNotam":false,"specialAgreement":false,"requestCompliance":false,"country":"CO","upperLimit":{"value":9500,"unit":1,"referenceDatum":1},"lowerLimit":{"value":0,"unit":1,"referenceDatum":0},"hoursOfOperation":{"operatingHours":[{"dayOfWeek":0,"startTime":"00:00","endTime":"00:00","byNotam":false,"sunrise":false,"sunset":false,"publicHolidaysExcluded":false},{"dayOfWeek":1,"startTime":"00:00","endTime":"00:00","byNotam":false,"sunrise":false,"sunset":false,"publicHolidaysExcluded":false},{"dayOfWeek":2,"startTime":"00:00","endTime":"00:00","byNotam":false,"sunrise":false,"sunset":false,"publicHolidaysExcluded":false},{"dayOfWeek":3,"startTime":"00:00","endTime":"00:00","byNotam":false,"sunrise":false,"sunset":false,"publicHolidaysExcluded":false},{"dayOfWeek":4,"startTime":"00:00","endTime":"00:00","byNotam":false,"sunrise":false,"sunset":false,"publicHolidaysExcluded":false},{"dayOfWeek":5,"startTime":"00:00","endTime":"00:00","byNotam":false,"sunrise":false,"sunset":false,"publicHolidaysExcluded":false},{"dayOfWeek":6,"startTime":"00:00","endTime":"00:00","byNotam":false,"sunrise":false,"sunset":false,"publicHolidaysExcluded":false}]},"deletable":true}},{"type":"Feature","geometry":{"type":"Polygon","coordinates":[[[-76.13417,4.62306],[-76.22306,4.42917],[-76.22306,4.25667],[-76.19,4.31778],[-76.17167,4.32583],[-76.12833,4.54806],[-76.06944,4.61361],[-76.06278,4.62083],[-76.04694,4.66583],[-76.13417,4.62306]]]},"properties":{"_id":"677d3568c4d29dbb7301a541","createdBy":"OPONcQnzWGOLiJSceNaf8pvx1fA2","createdAt":"2025-01-07T14:08:40.789Z","updatedBy":"OPONcQnzWGOLiJSceNaf8pvx1fA2","updatedAt":"2025-01-07T14:10:17.721Z","name":"ZONA PARAPENTE 12","dataIngestion":true,"type":0,"icaoClass":6,"activity":0,"onDemand":false,"onRequest":false,"byNotam":false,"specialAgreement":false,"requestCompliance":false,"country":"CO","upperLimit":{"value":7500,"unit":1,"referenceDatum":1},"lowerLimit":{"value":0,"unit":1,"referenceDatum":0},"hoursOfOperation":{"operatingHours":[{"dayOfWeek":0,"startTime":"00:00","endTime":"00:00","byNotam":false,"sunrise":false,"sunset":false,"publicHolidaysExcluded":false},{"dayOfWeek":1,"startTime":"00:00","endTime":"00:00","byNotam":false,"sunrise":false,"sunset":false,"publicHolidaysExcluded":false},{"dayOfWeek":2,"startTime":"00:00","endTime":"00:00","byNotam":false,"sunrise":false,"sunset":false,"publicHolidaysExcluded":false},{"dayOfWeek":3,"startTime":"00:00","endTime":"00:00","byNotam":false,"sunrise":false,"sunset":false,"publicHolidaysExcluded":false},{"dayOfWeek":4,"startTime":"00:00","endTime":"00:00","byNotam":false,"sunrise":false,"sunset":false,"publicHolidaysExcluded":false},{"dayOfWeek":5,"startTime":"00:00","endTime":"00:00","byNotam":false,"sunrise":false,"sunset":false,"publicHolidaysExcluded":false},{"dayOfWeek":6,"startTime":"00:00","endTime":"00:00","byNotam":false,"sunrise":false,"sunset":false,"publicHolidaysExcluded":false}]},"deletable":true}},{"type":"Feature","geometry":{"type":"Polygon","coordinates":[[[-73.6755,4.17145],[-73.64542,4.16688],[-73.64284,4.1777],[-73.66512,4.18127],[-73.6755,4.17145]]]},"properties":{"_id":"677d3568c4d29dbb7301a55c","createdBy":"OPONcQnzWGOLiJSceNaf8pvx1fA2","createdAt":"2025-01-07T14:08:40.943Z","updatedBy":"OPONcQnzWGOLiJSceNaf8pvx1fA2","updatedAt":"2025-01-07T14:10:19.328Z","name":"ZONA PARAPENTE 14 - META","dataIngestion":true,"type":0,"icaoClass":6,"activity":0,"onDemand":false,"onRequest":false,"byNotam":false,"specialAgreement":false,"requestCompliance":false,"country":"CO","upperLimit":{"value":4500,"unit":1,"referenceDatum":1},"lowerLimit":{"value":0,"unit":1,"referenceDatum":0},"hoursOfOperation":{"operatingHours":[{"dayOfWeek":0,"startTime":"00:00","endTime":"00:00","byNotam":false,"sunrise":false,"sunset":false,"publicHolidaysExcluded":false},{"dayOfWeek":1,"startTime":"00:00","endTime":"00:00","byNotam":false,"sunrise":false,"sunset":false,"publicHolidaysExcluded":false},{"dayOfWeek":2,"startTime":"00:00","endTime":"00:00","byNotam":false,"sunrise":false,"sunset":false,"publicHolidaysExcluded":false},{"dayOfWeek":3,"startTime":"00:00","endTime":"00:00","byNotam":false,"sunrise":false,"sunset":false,"publicHolidaysExcluded":false},{"dayOfWeek":4,"startTime":"00:00","endTime":"00:00","byNotam":false,"sunrise":false,"sunset":false,"publicHolidaysExcluded":false},{"dayOfWeek":5,"startTime":"00:00","endTime":"00:00","byNotam":false,"sunrise":false,"sunset":false,"publicHolidaysExcluded":false},{"dayOfWeek":6,"startTime":"00:00","endTime":"00:00","byNotam":false,"sunrise":false,"sunset":false,"publicHolidaysExcluded":false}]},"deletable":true}},{"type":"Feature","geometry":{"type":"Polygon","coordinates":[[[-75.99858,4.821423247881707],[-75.99899995980738,4.821414481976725],[-75.99941918283011,4.821388199640833],[-75.99983693357632,4.821344446984211],[-76.00025247913749,4.821283300767249],[-76.00066509047444,4.821204868265869],[-76.00107404369648,4.821109287083292],[-76.00147862133159,4.820996724908588],[-76.00187811358536,4.82086737922245],[-76.00227181958638,4.820721476950676],[-76.00265904861594,4.820559274066007],[-76.00303912132009,4.820381055138984],[-76.0034113709014,4.820187132838639],[-76.00377514428916,4.819977847383871],[-76.004129803285,4.819753565946498],[-76.00447472568271,4.819514682007016],[-76.00480930635995,4.819261614664193],[-76.00513295833977,4.818994807899727],[-76.0054451138206,4.818714729799233],[-76.00574522517225,4.818421871730962],[-76.00603276589683,4.8181167474836455],[-76.00630723155226,4.81779989236504],[-76.00656814063727,4.817471862262684],[-76.00681503543615,4.817133232668585],[-76.00704748282155,4.816784597669492],[-76.00726507501442,4.816426568904559],[-76.00746743029917,4.816059774492221],[-76.00765419369328,4.8156848579281535],[-76.00782503756997,4.815302476956273],[-76.00797966223276,4.81491330241474],[-76.00811779644113,4.814518017058994],[-76.0082391978862,4.814117314363889],[-76.00834365361563,4.8137118973070425],[-76.008430980407,4.8133024771355],[-76.00850102508912,4.8128897721179165],[-76.00855366481048,4.812474506284426],[-76.00858880725451,4.812057408156405],[-76.00860639080145,4.811639209468374],[-76.00860638463607,4.8112206438842655],[-76.00858878880163,4.810802445710321],[-76.00855363419953,4.810385348606869],[-76.00850098253481,4.809970084301241],[-76.00843092620782,4.809557381304099],[-76.00834358815173,4.809147963631403],[-76.0082391216168,4.808742549534282],[-76.0081177099012,4.808341850239021],[-76.00797956602929,4.807946568699388],[-76.00782493237779,4.807557398363472],[-76.0076540802502,4.807175021957213],[-76.00746730940092,4.806800110286745],[-76.00726494750903,4.806433321061661],[-76.00704734960338,4.806075297741251],[-76.00681489743963,4.805726668405762],[-76.00656799883033,4.805388044654619],[-76.00630708692958,4.805060020533592],[-76.00603261947285,4.804743171492726],[-76.00574507797403,4.804438053376936],[-76.00544496688059,4.804145201450965],[-76.00513281268869,4.8038651294604655],[-76.00480916301942,4.803598328730827],[-76.00447458565816,4.803345267305335],[-76.0041296675586,4.803106389124185],[-76.00377501381294,4.802882113245752],[-76.00341124659056,4.802672833111539],[-76.00303900404656,4.802478915856046],[-76.00265893920235,4.802300701662786],[-76.00227171880015,4.802138503167586],[-76.00187802213344,4.8019926049101995],[-76.00147853985546,4.801863262835207],[-76.00107397276763,4.801750703843079],[-76.0006650305904,4.801655125392186],[-76.00025243071829,4.801576695152434],[-75.99983689696157,4.80151555071118],[-75.99941915827665,4.801471799331894],[-75.99899994748745,4.801445517766005],[-75.99858,4.801436752118293],[-75.99816005251256,4.801445517766005],[-75.99774084172336,4.801471799331894],[-75.99732310303843,4.80151555071118],[-75.9969075692817,4.801576695152434],[-75.99649496940961,4.801655125392186],[-75.99608602723238,4.801750703843079],[-75.99568146014455,4.801863262835207],[-75.99528197786655,4.8019926049101995],[-75.99488828119986,4.802138503167586],[-75.99450106079766,4.802300701662786],[-75.99412099595345,4.802478915856046],[-75.99374875340943,4.802672833111539],[-75.99338498618707,4.802882113245752],[-75.99303033244139,4.803106389124185],[-75.99268541434184,4.803345267305335],[-75.99235083698059,4.803598328730827],[-75.99202718731132,4.8038651294604655],[-75.99171503311942,4.804145201450965],[-75.99141492202598,4.804438053376936],[-75.99112738052716,4.804743171492726],[-75.99085291307043,4.805060020533592],[-75.99059200116966,4.805388044654619],[-75.99034510256038,4.805726668405762],[-75.99011265039661,4.806075297741251],[-75.98989505249098,4.806433321061661],[-75.98969269059907,4.806800110286745],[-75.98950591974979,4.807175021957213],[-75.98933506762222,4.807557398363472],[-75.9891804339707,4.807946568699388],[-75.98904229009881,4.808341850239021],[-75.9889208783832,4.808742549534282],[-75.98881641184826,4.809147963631403],[-75.98872907379219,4.809557381304099],[-75.98865901746518,4.809970084301241],[-75.98860636580048,4.810385348606869],[-75.98857121119836,4.810802445710321],[-75.98855361536393,4.8112206438842655],[-75.98855360919855,4.811639209468374],[-75.9885711927455,4.812057408156405],[-75.98860633518953,4.812474506284426],[-75.98865897491088,4.8128897721179165],[-75.98872901959301,4.8133024771355],[-75.98881634638438,4.8137118973070425],[-75.98892080211381,4.814117314363889],[-75.98904220355887,4.814518017058994],[-75.98918033776725,4.81491330241474],[-75.98933496243005,4.815302476956273],[-75.98950580630672,4.8156848579281535],[-75.98969256970084,4.816059774492221],[-75.98989492498558,4.816426568904559],[-75.99011251717845,4.816784597669492],[-75.99034496456386,4.817133232668585],[-75.99059185936274,4.817471862262684],[-75.99085276844775,4.81779989236504],[-75.99112723410317,4.8181167474836455],[-75.99141477482775,4.818421871730962],[-75.99171488617941,4.818714729799233],[-75.99202704166024,4.818994807899727],[-75.99235069364006,4.819261614664193],[-75.99268527431728,4.819514682007016],[-75.99303019671501,4.819753565946498],[-75.99338485571084,4.819977847383871],[-75.99374862909859,4.820187132838639],[-75.99412087867992,4.820381055138984],[-75.99450095138405,4.820559274066007],[-75.99488818041362,4.820721476950676],[-75.99528188641465,4.82086737922245],[-75.99568137866842,4.820996724908588],[-75.99608595630353,4.821109287083292],[-75.99649490952557,4.821204868265869],[-75.99690752086251,4.821283300767249],[-75.99732306642369,4.821344446984211],[-75.9977408171699,4.821388199640833],[-75.99816004019263,4.821414481976725],[-75.99858,4.821423247881707]]]},"properties":{"_id":"677d3568c4d29dbb7301a547","createdBy":"OPONcQnzWGOLiJSceNaf8pvx1fA2","createdAt":"2025-01-07T14:08:40.819Z","updatedBy":"OPONcQnzWGOLiJSceNaf8pvx1fA2","updatedAt":"2025-01-07T14:10:18.327Z","name":"ZONA PARAPENTE 15 / ANSERMANUEVO","dataIngestion":true,"type":0,"icaoClass":6,"activity":0,"onDemand":false,"onRequest":false,"byNotam":false,"specialAgreement":false,"requestCompliance":false,"country":"CO","upperLimit":{"value":6500,"unit":1,"referenceDatum":1},"lowerLimit":{"value":0,"unit":1,"referenceDatum":0},"hoursOfOperation":{"operatingHours":[{"dayOfWeek":0,"startTime":"00:00","endTime":"00:00","byNotam":false,"sunrise":false,"sunset":false,"publicHolidaysExcluded":false},{"dayOfWeek":1,"startTime":"00:00","endTime":"00:00","byNotam":false,"sunrise":false,"sunset":false,"publicHolidaysExcluded":false},{"dayOfWeek":2,"startTime":"00:00","endTime":"00:00","byNotam":false,"sunrise":false,"sunset":false,"publicHolidaysExcluded":false},{"dayOfWeek":3,"startTime":"00:00","endTime":"00:00","byNotam":false,"sunrise":false,"sunset":false,"publicHolidaysExcluded":false},{"dayOfWeek":4,"startTime":"00:00","endTime":"00:00","byNotam":false,"sunrise":false,"sunset":false,"publicHolidaysExcluded":false},{"dayOfWeek":5,"startTime":"00:00","endTime":"00:00","byNotam":false,"sunrise":false,"sunset":false,"publicHolidaysExcluded":false},{"dayOfWeek":6,"startTime":"00:00","endTime":"00:00","byNotam":false,"sunrise":false,"sunset":false,"publicHolidaysExcluded":false}]},"deletable":true}},{"type":"Feature","geometry":{"type":"Polygon","coordinates":[[[-75.64111,10.17861],[-75.67188,10.13899],[-75.66665,10.13493],[-75.63589,10.17455],[-75.64111,10.17861]]]},"properties":{"_id":"677d3568c4d29dbb7301a550","createdBy":"OPONcQnzWGOLiJSceNaf8pvx1fA2","createdAt":"2025-01-07T14:08:40.881Z","updatedBy":"OPONcQnzWGOLiJSceNaf8pvx1fA2","updatedAt":"2025-01-07T14:10:18.739Z","name":"ZONA PARAPENTE 16","dataIngestion":true,"type":0,"icaoClass":6,"activity":0,"onDemand":false,"onRequest":false,"byNotam":false,"specialAgreement":false,"requestCompliance":false,"country":"CO","upperLimit":{"value":450,"unit":1,"referenceDatum":1},"lowerLimit":{"value":0,"unit":1,"referenceDatum":0},"hoursOfOperation":{"operatingHours":[{"dayOfWeek":0,"startTime":"00:00","endTime":"00:00","byNotam":false,"sunrise":false,"sunset":false,"publicHolidaysExcluded":false},{"dayOfWeek":1,"startTime":"00:00","endTime":"00:00","byNotam":false,"sunrise":false,"sunset":false,"publicHolidaysExcluded":false},{"dayOfWeek":2,"startTime":"00:00","endTime":"00:00","byNotam":false,"sunrise":false,"sunset":false,"publicHolidaysExcluded":false},{"dayOfWeek":3,"startTime":"00:00","endTime":"00:00","byNotam":false,"sunrise":false,"sunset":false,"publicHolidaysExcluded":false},{"dayOfWeek":4,"startTime":"00:00","endTime":"00:00","byNotam":false,"sunrise":false,"sunset":false,"publicHolidaysExcluded":false},{"dayOfWeek":5,"startTime":"00:00","endTime":"00:00","byNotam":false,"sunrise":false,"sunset":false,"publicHolidaysExcluded":false},{"dayOfWeek":6,"startTime":"00:00","endTime":"00:00","byNotam":false,"sunrise":false,"sunset":false,"publicHolidaysExcluded":false}]},"deletable":true}},{"type":"Feature","geometry":{"type":"Polygon","coordinates":[[[-75.53164,10.44916],[-75.55451,10.43419],[-75.55111,10.42778],[-75.52056,10.44778],[-75.53164,10.44916]]]},"properties":{"_id":"677d3568c4d29dbb7301a553","createdBy":"OPONcQnzWGOLiJSceNaf8pvx1fA2","createdAt":"2025-01-07T14:08:40.896Z","updatedBy":"OPONcQnzWGOLiJSceNaf8pvx1fA2","updatedAt":"2025-01-07T14:10:18.928Z","name":"ZONA PARAPENTE 17","dataIngestion":true,"type":0,"icaoClass":3,"activity":0,"onDemand":false,"onRequest":false,"byNotam":false,"specialAgreement":false,"requestCompliance":false,"country":"CO","upperLimit":{"value":140,"unit":1,"referenceDatum":1},"lowerLimit":{"value":0,"unit":1,"referenceDatum":0},"hoursOfOperation":{"operatingHours":[{"dayOfWeek":0,"startTime":"00:00","endTime":"00:00","byNotam":false,"sunrise":false,"sunset":false,"publicHolidaysExcluded":false},{"dayOfWeek":1,"startTime":"00:00","endTime":"00:00","byNotam":false,"sunrise":false,"sunset":false,"publicHolidaysExcluded":false},{"dayOfWeek":2,"startTime":"00:00","endTime":"00:00","byNotam":false,"sunrise":false,"sunset":false,"publicHolidaysExcluded":false},{"dayOfWeek":3,"startTime":"00:00","endTime":"00:00","byNotam":false,"sunrise":false,"sunset":false,"publicHolidaysExcluded":false},{"dayOfWeek":4,"startTime":"00:00","endTime":"00:00","byNotam":false,"sunrise":false,"sunset":false,"publicHolidaysExcluded":false},{"dayOfWeek":5,"startTime":"00:00","endTime":"00:00","byNotam":false,"sunrise":false,"sunset":false,"publicHolidaysExcluded":false},{"dayOfWeek":6,"startTime":"00:00","endTime":"00:00","byNotam":false,"sunrise":false,"sunset":false,"publicHolidaysExcluded":false}]},"deletable":true}},{"type":"Feature","geometry":{"type":"Polygon","coordinates":[[[-75.50497,10.46371],[-75.50111,10.46833],[-75.49639,10.47583],[-75.49306,10.48361],[-75.49168,10.48911],[-75.49376,10.49327],[-75.50157,10.4757],[-75.50497,10.46371]]]},"properties":{"_id":"677d3568c4d29dbb7301a556","createdBy":"OPONcQnzWGOLiJSceNaf8pvx1fA2","createdAt":"2025-01-07T14:08:40.914Z","updatedBy":"OPONcQnzWGOLiJSceNaf8pvx1fA2","updatedAt":"2025-01-07T14:10:19.050Z","name":"ZONA PARAPENTE 18","dataIngestion":true,"type":0,"icaoClass":3,"activity":0,"onDemand":false,"onRequest":false,"byNotam":false,"specialAgreement":false,"requestCompliance":false,"country":"CO","upperLimit":{"value":140,"unit":1,"referenceDatum":1},"lowerLimit":{"value":0,"unit":1,"referenceDatum":0},"hoursOfOperation":{"operatingHours":[{"dayOfWeek":0,"startTime":"00:00","endTime":"00:00","byNotam":false,"sunrise":false,"sunset":false,"publicHolidaysExcluded":false},{"dayOfWeek":1,"startTime":"00:00","endTime":"00:00","byNotam":false,"sunrise":false,"sunset":false,"publicHolidaysExcluded":false},{"dayOfWeek":2,"startTime":"00:00","endTime":"00:00","byNotam":false,"sunrise":false,"sunset":false,"publicHolidaysExcluded":false},{"dayOfWeek":3,"startTime":"00:00","endTime":"00:00","byNotam":false,"sunrise":false,"sunset":false,"publicHolidaysExcluded":false},{"dayOfWeek":4,"startTime":"00:00","endTime":"00:00","byNotam":false,"sunrise":false,"sunset":false,"publicHolidaysExcluded":false},{"dayOfWeek":5,"startTime":"00:00","endTime":"00:00","byNotam":false,"sunrise":false,"sunset":false,"publicHolidaysExcluded":false},{"dayOfWeek":6,"startTime":"00:00","endTime":"00:00","byNotam":false,"sunrise":false,"sunset":false,"publicHolidaysExcluded":false}]},"deletable":true}},{"type":"Feature","geometry":{"type":"Polygon","coordinates":[[[-75.50134,10.50761],[-75.49309,10.53591],[-75.50099,10.5525],[-75.50785,10.5545],[-75.49948,10.53664],[-75.50501,10.51811],[-75.50134,10.50761]]]},"properties":{"_id":"677d3568c4d29dbb7301a559","createdBy":"OPONcQnzWGOLiJSceNaf8pvx1fA2","createdAt":"2025-01-07T14:08:40.928Z","updatedBy":"OPONcQnzWGOLiJSceNaf8pvx1fA2","updatedAt":"2025-01-07T14:10:19.190Z","name":"ZONA PARAPENTE 19","dataIngestion":true,"type":0,"icaoClass":3,"activity":0,"onDemand":false,"onRequest":false,"byNotam":false,"specialAgreement":false,"requestCompliance":false,"country":"CO","upperLimit":{"value":300,"unit":1,"referenceDatum":1},"lowerLimit":{"value":0,"unit":1,"referenceDatum":0},"hoursOfOperation":{"operatingHours":[{"dayOfWeek":0,"startTime":"00:00","endTime":"00:00","byNotam":false,"sunrise":false,"sunset":false,"publicHolidaysExcluded":false},{"dayOfWeek":1,"startTime":"00:00","endTime":"00:00","byNotam":false,"sunrise":false,"sunset":false,"publicHolidaysExcluded":false},{"dayOfWeek":2,"startTime":"00:00","endTime":"00:00","byNotam":false,"sunrise":false,"sunset":false,"publicHolidaysExcluded":false},{"dayOfWeek":3,"startTime":"00:00","endTime":"00:00","byNotam":false,"sunrise":false,"sunset":false,"publicHolidaysExcluded":false},{"dayOfWeek":4,"startTime":"00:00","endTime":"00:00","byNotam":false,"sunrise":false,"sunset":false,"publicHolidaysExcluded":false},{"dayOfWeek":5,"startTime":"00:00","endTime":"00:00","byNotam":false,"sunrise":false,"sunset":false,"publicHolidaysExcluded":false},{"dayOfWeek":6,"startTime":"00:00","endTime":"00:00","byNotam":false,"sunrise":false,"sunset":false,"publicHolidaysExcluded":false}]},"deletable":true}},{"type":"Feature","geometry":{"type":"Polygon","coordinates":[[[-76.06167,4.33583],[-76.14889,4.20833],[-76.16083,4.14],[-76.10667,4.16528],[-76.10833,4.20361],[-76.03167,4.31528],[-76.06167,4.33583]]]},"properties":{"_id":"677d3568c4d29dbb7301a52f","createdBy":"OPONcQnzWGOLiJSceNaf8pvx1fA2","createdAt":"2025-01-07T14:08:40.693Z","updatedBy":"OPONcQnzWGOLiJSceNaf8pvx1fA2","updatedAt":"2025-01-07T14:10:16.135Z","name":"ZONA PARAPENTE 6","dataIngestion":true,"type":0,"icaoClass":6,"activity":0,"onDemand":false,"onRequest":false,"byNotam":false,"specialAgreement":false,"requestCompliance":false,"country":"CO","upperLimit":{"value":7500,"unit":1,"referenceDatum":1},"lowerLimit":{"value":0,"unit":1,"referenceDatum":0},"hoursOfOperation":{"operatingHours":[{"dayOfWeek":0,"startTime":"00:00","endTime":"00:00","byNotam":false,"sunrise":false,"sunset":false,"publicHolidaysExcluded":false},{"dayOfWeek":1,"startTime":"00:00","endTime":"00:00","byNotam":false,"sunrise":false,"sunset":false,"publicHolidaysExcluded":false},{"dayOfWeek":2,"startTime":"00:00","endTime":"00:00","byNotam":false,"sunrise":false,"sunset":false,"publicHolidaysExcluded":false},{"dayOfWeek":3,"startTime":"00:00","endTime":"00:00","byNotam":false,"sunrise":false,"sunset":false,"publicHolidaysExcluded":false},{"dayOfWeek":4,"startTime":"00:00","endTime":"00:00","byNotam":false,"sunrise":false,"sunset":false,"publicHolidaysExcluded":false},{"dayOfWeek":5,"startTime":"00:00","endTime":"00:00","byNotam":false,"sunrise":false,"sunset":false,"publicHolidaysExcluded":false},{"dayOfWeek":6,"startTime":"00:00","endTime":"00:00","byNotam":false,"sunrise":false,"sunset":false,"publicHolidaysExcluded":false}]},"deletable":true}},{"type":"Feature","geometry":{"type":"Polygon","coordinates":[[[-76.10667,4.16528],[-76.16083,4.14],[-76.1589755656923,4.137324070977308],[-76.15723511938673,4.134573032189662],[-76.15561171368014,4.131751710644337],[-76.15410819571714,4.128865056614596],[-76.15272720220135,4.125918134950218],[-76.15147115477677,4.1229161161872785],[-76.15034225578731,4.119864267472852],[-76.14934248442152,4.116767943320568],[-76.14847359324972,4.113632576213281],[-76.14773710515904,4.110463667069345],[-76.14713431069205,4.1072667755892605],[-76.14666626579346,4.104047510499639],[-76.14633378996857,4.100811519711613],[-76.14613746485703,4.097564480410988],[-76.14607763322395,4.094312089097492],[-76.14615439837014,4.09106005159066],[-76.14636762396266,4.087814073019829],[-76.14671693428559,4.084579847815846],[-76.14720171491072,4.081363049722023],[-76.14782111378666,4.078169321841867],[-76.14857404274477,4.07500426674101],[-76.14945917941867,4.071873436620726],[-76.15047496957452,4.068782323580217],[-76.15161962984722,4.065736349984771],[-76.15289115087825,4.062740858956618],[-76.15428730084925,4.059801105005194],[-76.15580562940521,4.056922244813188],[-76.15744347196026,4.0541093281944995],[-76.15919795437858,4.051367289239983],[-76.16106599802205,4.048700937666417],[-76.16304432515577,4.046114950383887],[-76.16512946470208,4.043613863296326],[-76.16731775833264,4.041202063349541],[-76.16960536688849,4.038883780840665],[-76.17198827711576,4.036663082002474],[-76.17446230870652,4.034543861875532],[-76.17702312163138,4.0325298374806495],[-76.17966622375134,4.0306245413035775],[-76.18238697869575,4.028831315103332],[-76.18518061399232,4.027153304054986],[-76.18804222943498,4.025593451237154],[-76.19096680567507,4.024154492473804],[-76.19394921302064,4.022838951539434],[-76.19698422042869,4.021649135735962],[-76.20006650467447,4.020587131849084],[-76.20319065968174,4.019654802491158],[-76.20635120599793,4.018853782836997],[-76.20954260039741,4.0181854777582915],[-76.21056,4.01861],[-76.26667,3.75],[-76.13333,3.75],[-76.19972,3.89028],[-76.15444,4.005],[-76.10167,4.04139],[-76.10667,4.16528]]]},"properties":{"_id":"677d3568c4d29dbb7301a532","createdBy":"OPONcQnzWGOLiJSceNaf8pvx1fA2","createdAt":"2025-01-07T14:08:40.710Z","updatedBy":"OPONcQnzWGOLiJSceNaf8pvx1fA2","updatedAt":"2025-01-07T14:10:16.967Z","name":"ZONA PARAPENTE 7","dataIngestion":true,"type":0,"icaoClass":3,"activity":0,"onDemand":false,"onRequest":false,"byNotam":false,"specialAgreement":false,"requestCompliance":false,"country":"CO","upperLimit":{"value":10500,"unit":1,"referenceDatum":1},"lowerLimit":{"value":0,"unit":1,"referenceDatum":0},"hoursOfOperation":{"operatingHours":[{"dayOfWeek":0,"startTime":"00:00","endTime":"00:00","byNotam":false,"sunrise":false,"sunset":false,"publicHolidaysExcluded":false},{"dayOfWeek":1,"startTime":"00:00","endTime":"00:00","byNotam":false,"sunrise":false,"sunset":false,"publicHolidaysExcluded":false},{"dayOfWeek":2,"startTime":"00:00","endTime":"00:00","byNotam":false,"sunrise":false,"sunset":false,"publicHolidaysExcluded":false},{"dayOfWeek":3,"startTime":"00:00","endTime":"00:00","byNotam":false,"sunrise":false,"sunset":false,"publicHolidaysExcluded":false},{"dayOfWeek":4,"startTime":"00:00","endTime":"00:00","byNotam":false,"sunrise":false,"sunset":false,"publicHolidaysExcluded":false},{"dayOfWeek":5,"startTime":"00:00","endTime":"00:00","byNotam":false,"sunrise":false,"sunset":false,"publicHolidaysExcluded":false},{"dayOfWeek":6,"startTime":"00:00","endTime":"00:00","byNotam":false,"sunrise":false,"sunset":false,"publicHolidaysExcluded":false}]},"deletable":true}},{"type":"Feature","geometry":{"type":"Polygon","coordinates":[[[-76.19667,3.75],[-76.23,3.56667],[-76.23,3.5],[-76.2,3.5],[-76.2,3.21667],[-76.23,3.21667],[-76.32361,3.04222],[-76.30139,2.98556],[-76.18472,3.21667],[-76.18472,3.26583],[-76.14944,3.34],[-76.13333,3.75],[-76.19667,3.75]]]},"properties":{"_id":"677d3568c4d29dbb7301a535","createdBy":"OPONcQnzWGOLiJSceNaf8pvx1fA2","createdAt":"2025-01-07T14:08:40.729Z","updatedBy":"OPONcQnzWGOLiJSceNaf8pvx1fA2","updatedAt":"2025-01-07T14:10:17.107Z","name":"ZONA PARAPENTE 8","dataIngestion":true,"type":0,"icaoClass":6,"activity":0,"onDemand":false,"onRequest":false,"byNotam":false,"specialAgreement":false,"requestCompliance":false,"country":"CO","upperLimit":{"value":10500,"unit":1,"referenceDatum":1},"lowerLimit":{"value":0,"unit":1,"referenceDatum":0},"hoursOfOperation":{"operatingHours":[{"dayOfWeek":0,"startTime":"00:00","endTime":"00:00","byNotam":false,"sunrise":false,"sunset":false,"publicHolidaysExcluded":false},{"dayOfWeek":1,"startTime":"00:00","endTime":"00:00","byNotam":false,"sunrise":false,"sunset":false,"publicHolidaysExcluded":false},{"dayOfWeek":2,"startTime":"00:00","endTime":"00:00","byNotam":false,"sunrise":false,"sunset":false,"publicHolidaysExcluded":false},{"dayOfWeek":3,"startTime":"00:00","endTime":"00:00","byNotam":false,"sunrise":false,"sunset":false,"publicHolidaysExcluded":false},{"dayOfWeek":4,"startTime":"00:00","endTime":"00:00","byNotam":false,"sunrise":false,"sunset":false,"publicHolidaysExcluded":false},{"dayOfWeek":5,"startTime":"00:00","endTime":"00:00","byNotam":false,"sunrise":false,"sunset":false,"publicHolidaysExcluded":false},{"dayOfWeek":6,"startTime":"00:00","endTime":"00:00","byNotam":false,"sunrise":false,"sunset":false,"publicHolidaysExcluded":false}]},"deletable":true}},{"type":"Feature","geometry":{"type":"Polygon","coordinates":[[[-76.22306,4.42917],[-76.54528,3.81194],[-76.55667,3.68389],[-76.51417,3.67417],[-76.47028,3.79333],[-76.51194,3.79333],[-76.28611,4.19056],[-76.22306,4.25667],[-76.22306,4.42917]]]},"properties":{"_id":"677d3568c4d29dbb7301a538","createdBy":"OPONcQnzWGOLiJSceNaf8pvx1fA2","createdAt":"2025-01-07T14:08:40.744Z","updatedBy":"OPONcQnzWGOLiJSceNaf8pvx1fA2","updatedAt":"2025-01-07T14:10:17.246Z","name":"ZONA PARAPENTE 9","dataIngestion":true,"type":0,"icaoClass":6,"activity":0,"onDemand":false,"onRequest":false,"byNotam":false,"specialAgreement":false,"requestCompliance":false,"country":"CO","upperLimit":{"value":7500,"unit":1,"referenceDatum":1},"lowerLimit":{"value":0,"unit":1,"referenceDatum":0},"hoursOfOperation":{"operatingHours":[{"dayOfWeek":0,"startTime":"00:00","endTime":"00:00","byNotam":false,"sunrise":false,"sunset":false,"publicHolidaysExcluded":false},{"dayOfWeek":1,"startTime":"00:00","endTime":"00:00","byNotam":false,"sunrise":false,"sunset":false,"publicHolidaysExcluded":false},{"dayOfWeek":2,"startTime":"00:00","endTime":"00:00","byNotam":false,"sunrise":false,"sunset":false,"publicHolidaysExcluded":false},{"dayOfWeek":3,"startTime":"00:00","endTime":"00:00","byNotam":false,"sunrise":false,"sunset":false,"publicHolidaysExcluded":false},{"dayOfWeek":4,"startTime":"00:00","endTime":"00:00","byNotam":false,"sunrise":false,"sunset":false,"publicHolidaysExcluded":false},{"dayOfWeek":5,"startTime":"00:00","endTime":"00:00","byNotam":false,"sunrise":false,"sunset":false,"publicHolidaysExcluded":false},{"dayOfWeek":6,"startTime":"00:00","endTime":"00:00","byNotam":false,"sunrise":false,"sunset":false,"publicHolidaysExcluded":false}]},"deletable":true}}]}